2025/11/23 00:36:05.194, 0
2025/11/23 00:36:05.301, 0
2025/11/23 00:36:05.404, 0
2025/11/23 00:36:05.506, 0
2025/11/23 00:36:05.609, 0
2025/11/23 00:36:05.712, 0
2025/11/23 00:36:05.814, 0
2025/11/23 00:36:05.917, 0
2025/11/23 00:36:06.020, 0
2025/11/23 00:36:06.124, 0
2025/11/23 00:36:06.226, 0
2025/11/23 00:36:06.329, 0
2025/11/23 00:36:06.432, 0
2025/11/23 00:36:06.536, 0
2025/11/23 00:36:06.638, 0
2025/11/23 00:36:06.741, 0
2025/11/23 00:36:06.844, 0
2025/11/23 00:36:06.946, 0
2025/11/23 00:36:07.049, 0
2025/11/23 00:36:07.152, 0
2025/11/23 00:36:07.256, 0
2025/11/23 00:36:07.358, 0
2025/11/23 00:36:07.461, 0
2025/11/23 00:36:07.564, 0
2025/11/23 00:36:07.668, 0
2025/11/23 00:36:07.772, 0
2025/11/23 00:36:07.874, 0
2025/11/23 00:36:07.977, 0
2025/11/23 00:36:08.080, 0
2025/11/23 00:36:08.182, 3
2025/11/23 00:36:08.285, 0
2025/11/23 00:36:08.388, 2
2025/11/23 00:36:08.491, 0
2025/11/23 00:36:08.596, 1
2025/11/23 00:36:08.698, 0
2025/11/23 00:36:08.801, 0
2025/11/23 00:36:08.904, 0
2025/11/23 00:36:09.006, 0
2025/11/23 00:36:09.109, 0
2025/11/23 00:36:09.212, 0
2025/11/23 00:36:09.314, 0
2025/11/23 00:36:09.417, 0
2025/11/23 00:36:09.520, 0
2025/11/23 00:36:09.623, 0
2025/11/23 00:36:09.725, 0
2025/11/23 00:36:09.828, 0
2025/11/23 00:36:09.932, 0
2025/11/23 00:36:10.034, 0
2025/11/23 00:36:10.137, 0
2025/11/23 00:36:10.240, 0
2025/11/23 00:36:10.343, 0
2025/11/23 00:36:10.445, 0
2025/11/23 00:36:10.548, 0
2025/11/23 00:36:10.652, 0
2025/11/23 00:36:10.754, 0
2025/11/23 00:36:10.857, 0
2025/11/23 00:36:10.960, 0
2025/11/23 00:36:11.062, 0
2025/11/23 00:36:11.165, 0
2025/11/23 00:36:11.268, 0
2025/11/23 00:36:11.372, 0
2025/11/23 00:36:11.474, 0
2025/11/23 00:36:11.577, 0
2025/11/23 00:36:11.679, 0
2025/11/23 00:36:11.782, 0
2025/11/23 00:36:11.884, 0
2025/11/23 00:36:11.987, 0
2025/11/23 00:36:12.089, 0
2025/11/23 00:36:12.191, 0
2025/11/23 00:36:12.295, 0
2025/11/23 00:36:12.398, 0
2025/11/23 00:36:12.500, 0
2025/11/23 00:36:12.603, 0
2025/11/23 00:36:12.704, 0
2025/11/23 00:36:12.805, 0
2025/11/23 00:36:12.906, 0
2025/11/23 00:36:13.007, 0
2025/11/23 00:36:13.108, 0
2025/11/23 00:36:13.209, 0
2025/11/23 00:36:13.310, 0
2025/11/23 00:36:13.411, 0
2025/11/23 00:36:13.512, 0
2025/11/23 00:36:13.613, 10
2025/11/23 00:36:13.716, 11
2025/11/23 00:36:13.819, 7
2025/11/23 00:36:13.922, 10
2025/11/23 00:36:14.025, 14
2025/11/23 00:36:14.128, 13
2025/11/23 00:36:14.230, 17
2025/11/23 00:36:14.333, 9
2025/11/23 00:36:14.437, 8
2025/11/23 00:36:14.539, 14
2025/11/23 00:36:14.642, 16
2025/11/23 00:36:14.744, 13
2025/11/23 00:36:14.847, 6
2025/11/23 00:36:14.949, 11
2025/11/23 00:36:15.051, 14
2025/11/23 00:36:15.154, 6
2025/11/23 00:36:15.256, 11
2025/11/23 00:36:15.359, 15
2025/11/23 00:36:15.461, 6
2025/11/23 00:36:15.564, 7
2025/11/23 00:36:15.666, 13
2025/11/23 00:36:15.768, 5
2025/11/23 00:36:15.871, 4
2025/11/23 00:36:15.973, 6
2025/11/23 00:36:16.077, 8
2025/11/23 00:36:16.180, 11
2025/11/23 00:36:16.282, 6
2025/11/23 00:36:16.385, 12
2025/11/23 00:36:16.488, 8
2025/11/23 00:36:16.590, 4
2025/11/23 00:36:16.693, 13
2025/11/23 00:36:16.795, 5
2025/11/23 00:36:16.898, 8
2025/11/23 00:36:16.999, 97
2025/11/23 00:36:17.101, 0
2025/11/23 00:36:17.202, 0
2025/11/23 00:36:17.303, 0
2025/11/23 00:36:17.404, 1
2025/11/23 00:36:17.505, 0
2025/11/23 00:36:17.607, 0
2025/11/23 00:36:17.708, 6
2025/11/23 00:36:17.809, 97
2025/11/23 00:36:17.910, 4
2025/11/23 00:36:18.011, 82
2025/11/23 00:36:18.113, 97
2025/11/23 00:36:18.214, 97
2025/11/23 00:36:18.316, 96
2025/11/23 00:36:18.417, 98
2025/11/23 00:36:18.519, 96
2025/11/23 00:36:18.620, 98
2025/11/23 00:36:18.722, 96
2025/11/23 00:36:18.823, 98
2025/11/23 00:36:18.924, 94
2025/11/23 00:36:19.025, 97
2025/11/23 00:36:19.127, 94
2025/11/23 00:36:19.228, 98
2025/11/23 00:36:19.329, 97
2025/11/23 00:36:19.430, 82
2025/11/23 00:36:19.531, 97
2025/11/23 00:36:19.632, 98
2025/11/23 00:36:19.734, 97
2025/11/23 00:36:19.835, 98
2025/11/23 00:36:19.937, 95
2025/11/23 00:36:20.038, 86
2025/11/23 00:36:20.141, 97
2025/11/23 00:36:20.242, 84
2025/11/23 00:36:20.345, 97
2025/11/23 00:36:20.446, 91
2025/11/23 00:36:20.548, 98
2025/11/23 00:36:20.649, 87
2025/11/23 00:36:20.750, 97
2025/11/23 00:36:20.851, 85
2025/11/23 00:36:20.957, 97
2025/11/23 00:36:21.058, 90
2025/11/23 00:36:21.160, 97
2025/11/23 00:36:21.261, 97
2025/11/23 00:36:21.362, 96
2025/11/23 00:36:21.464, 92
2025/11/23 00:36:21.565, 97
2025/11/23 00:36:21.666, 85
2025/11/23 00:36:21.768, 96
2025/11/23 00:36:21.869, 85
2025/11/23 00:36:21.972, 96
2025/11/23 00:36:22.073, 97
2025/11/23 00:36:22.175, 97
2025/11/23 00:36:22.276, 98
2025/11/23 00:36:22.377, 95
2025/11/23 00:36:22.478, 98
2025/11/23 00:36:22.580, 94
2025/11/23 00:36:22.681, 98
2025/11/23 00:36:22.782, 89
2025/11/23 00:36:22.883, 98
2025/11/23 00:36:22.985, 94
2025/11/23 00:36:23.086, 97
2025/11/23 00:36:23.188, 88
2025/11/23 00:36:23.290, 98
2025/11/23 00:36:23.391, 90
2025/11/23 00:36:23.493, 98
2025/11/23 00:36:23.594, 90
2025/11/23 00:36:23.695, 97
2025/11/23 00:36:23.796, 94
2025/11/23 00:36:23.897, 89
2025/11/23 00:36:23.999, 96
2025/11/23 00:36:24.100, 98
2025/11/23 00:36:24.201, 96
2025/11/23 00:36:24.302, 81
2025/11/23 00:36:24.405, 97
2025/11/23 00:36:24.506, 91
2025/11/23 00:36:24.607, 97
2025/11/23 00:36:24.709, 87
2025/11/23 00:36:24.812, 97
2025/11/23 00:36:24.913, 87
2025/11/23 00:36:25.014, 97
2025/11/23 00:36:25.116, 92
2025/11/23 00:36:25.217, 97
2025/11/23 00:36:25.318, 90
2025/11/23 00:36:25.419, 97
2025/11/23 00:36:25.520, 85
2025/11/23 00:36:25.622, 97
2025/11/23 00:36:25.723, 89
2025/11/23 00:36:25.824, 97
2025/11/23 00:36:25.925, 87
2025/11/23 00:36:26.027, 98
2025/11/23 00:36:26.128, 92
2025/11/23 00:36:26.229, 98
2025/11/23 00:36:26.331, 96
2025/11/23 00:36:26.432, 78
2025/11/23 00:36:26.535, 96
2025/11/23 00:36:26.636, 92
2025/11/23 00:36:26.737, 97
2025/11/23 00:36:26.839, 85
2025/11/23 00:36:26.940, 96
2025/11/23 00:36:27.041, 88
2025/11/23 00:36:27.143, 97
2025/11/23 00:36:27.244, 88
2025/11/23 00:36:27.347, 97
2025/11/23 00:36:27.448, 96
2025/11/23 00:36:27.550, 96
2025/11/23 00:36:27.651, 98
2025/11/23 00:36:27.753, 95
2025/11/23 00:36:27.854, 98
2025/11/23 00:36:27.956, 96
2025/11/23 00:36:28.057, 97
2025/11/23 00:36:28.158, 97
2025/11/23 00:36:28.259, 81
2025/11/23 00:36:28.364, 97
2025/11/23 00:36:28.465, 87
2025/11/23 00:36:28.567, 97
2025/11/23 00:36:28.668, 91
2025/11/23 00:36:28.769, 97
2025/11/23 00:36:28.870, 93
2025/11/23 00:36:28.972, 98
2025/11/23 00:36:29.073, 93
2025/11/23 00:36:29.174, 98
2025/11/23 00:36:29.276, 88
2025/11/23 00:36:29.377, 98
2025/11/23 00:36:29.479, 89
2025/11/23 00:36:29.580, 97
2025/11/23 00:36:29.681, 93
2025/11/23 00:36:29.782, 97
2025/11/23 00:36:29.884, 92
2025/11/23 00:36:29.985, 98
2025/11/23 00:36:30.086, 92
2025/11/23 00:36:30.187, 97
2025/11/23 00:36:30.288, 89
2025/11/23 00:36:30.390, 97
2025/11/23 00:36:30.491, 94
2025/11/23 00:36:30.592, 97
2025/11/23 00:36:30.693, 94
2025/11/23 00:36:30.794, 97
2025/11/23 00:36:30.895, 96
2025/11/23 00:36:30.997, 86
2025/11/23 00:36:31.099, 98
2025/11/23 00:36:31.200, 94
2025/11/23 00:36:31.301, 98
2025/11/23 00:36:31.402, 89
2025/11/23 00:36:31.504, 97
2025/11/23 00:36:31.605, 88
2025/11/23 00:36:31.706, 98
2025/11/23 00:36:31.807, 90
2025/11/23 00:36:31.908, 98
2025/11/23 00:36:32.010, 96
2025/11/23 00:36:32.111, 98
2025/11/23 00:36:32.212, 96
2025/11/23 00:36:32.313, 86
2025/11/23 00:36:32.416, 97
2025/11/23 00:36:32.518, 88
2025/11/23 00:36:32.619, 98
2025/11/23 00:36:32.720, 89
2025/11/23 00:36:32.821, 98
2025/11/23 00:36:32.922, 92
2025/11/23 00:36:33.024, 97
2025/11/23 00:36:33.125, 92
2025/11/23 00:36:33.226, 86
2025/11/23 00:36:33.329, 96
2025/11/23 00:36:33.430, 83
2025/11/23 00:36:33.534, 96
2025/11/23 00:36:33.635, 85
2025/11/23 00:36:33.738, 97
2025/11/23 00:36:33.840, 93
2025/11/23 00:36:33.941, 98
2025/11/23 00:36:34.042, 96
2025/11/23 00:36:34.143, 91
2025/11/23 00:36:34.245, 98
2025/11/23 00:36:34.346, 89
2025/11/23 00:36:34.447, 98
2025/11/23 00:36:34.548, 95
2025/11/23 00:36:34.649, 98
2025/11/23 00:36:34.751, 96
2025/11/23 00:36:34.852, 98
2025/11/23 00:36:34.954, 96
2025/11/23 00:36:35.055, 88
2025/11/23 00:36:35.157, 97
2025/11/23 00:36:35.258, 93
2025/11/23 00:36:35.359, 98
2025/11/23 00:36:35.460, 97
2025/11/23 00:36:35.561, 84
2025/11/23 00:36:35.665, 97
2025/11/23 00:36:35.766, 92
2025/11/23 00:36:35.867, 98
2025/11/23 00:36:35.968, 95
2025/11/23 00:36:36.069, 86
2025/11/23 00:36:36.172, 97
2025/11/23 00:36:36.274, 89
2025/11/23 00:36:36.375, 97
2025/11/23 00:36:36.476, 91
2025/11/23 00:36:36.577, 98
2025/11/23 00:36:36.678, 97
2025/11/23 00:36:36.779, 90
2025/11/23 00:36:36.881, 97
2025/11/23 00:36:36.982, 93
2025/11/23 00:36:37.083, 92
2025/11/23 00:36:37.185, 96
2025/11/23 00:36:37.287, 88
2025/11/23 00:36:37.389, 97
2025/11/23 00:36:37.490, 91
2025/11/23 00:36:37.591, 97
2025/11/23 00:36:37.692, 94
2025/11/23 00:36:37.793, 75
2025/11/23 00:36:37.897, 97
2025/11/23 00:36:37.998, 92
2025/11/23 00:36:38.099, 97
2025/11/23 00:36:38.201, 91
2025/11/23 00:36:38.302, 97
2025/11/23 00:36:38.403, 96
2025/11/23 00:36:38.504, 87
2025/11/23 00:36:38.605, 97
2025/11/23 00:36:38.707, 92
2025/11/23 00:36:38.808, 97
2025/11/23 00:36:38.909, 92
2025/11/23 00:36:39.010, 98
2025/11/23 00:36:39.111, 93
2025/11/23 00:36:39.212, 97
2025/11/23 00:36:39.314, 97
2025/11/23 00:36:39.415, 91
2025/11/23 00:36:39.516, 97
2025/11/23 00:36:39.618, 93
2025/11/23 00:36:39.719, 98
2025/11/23 00:36:39.820, 93
2025/11/23 00:36:39.921, 97
2025/11/23 00:36:40.022, 86
2025/11/23 00:36:40.124, 98
2025/11/23 00:36:40.226, 91
2025/11/23 00:36:40.327, 97
2025/11/23 00:36:40.428, 91
2025/11/23 00:36:40.529, 98
2025/11/23 00:36:40.630, 91
2025/11/23 00:36:40.731, 97
2025/11/23 00:36:40.833, 91
2025/11/23 00:36:40.934, 97
2025/11/23 00:36:41.035, 97
2025/11/23 00:36:41.137, 86
2025/11/23 00:36:41.238, 97
2025/11/23 00:36:41.339, 92
2025/11/23 00:36:41.440, 97
2025/11/23 00:36:41.541, 93
2025/11/23 00:36:41.643, 97
2025/11/23 00:36:41.744, 96
2025/11/23 00:36:41.846, 87
2025/11/23 00:36:41.949, 97
2025/11/23 00:36:42.050, 91
2025/11/23 00:36:42.151, 97
2025/11/23 00:36:42.252, 91
2025/11/23 00:36:42.353, 97
2025/11/23 00:36:42.454, 96
2025/11/23 00:36:42.555, 86
2025/11/23 00:36:42.657, 97
2025/11/23 00:36:42.758, 84
2025/11/23 00:36:42.859, 97
2025/11/23 00:36:42.960, 85
2025/11/23 00:36:43.061, 97
2025/11/23 00:36:43.162, 93
2025/11/23 00:36:43.263, 98
2025/11/23 00:36:43.364, 86
2025/11/23 00:36:43.466, 97
2025/11/23 00:36:43.567, 93
2025/11/23 00:36:43.668, 94
2025/11/23 00:36:43.769, 97
2025/11/23 00:36:43.870, 93
2025/11/23 00:36:43.971, 98
2025/11/23 00:36:44.072, 93
2025/11/23 00:36:44.174, 98
2025/11/23 00:36:44.275, 89
2025/11/23 00:36:44.376, 98
2025/11/23 00:36:44.477, 96
2025/11/23 00:36:44.578, 88
2025/11/23 00:36:44.679, 98
2025/11/23 00:36:44.780, 93
2025/11/23 00:36:44.882, 98
2025/11/23 00:36:44.983, 91
2025/11/23 00:36:45.084, 97
2025/11/23 00:36:45.185, 94
2025/11/23 00:36:45.286, 84
2025/11/23 00:36:45.389, 97
2025/11/23 00:36:45.490, 85
2025/11/23 00:36:45.593, 97
2025/11/23 00:36:45.694, 86
2025/11/23 00:36:45.795, 97
2025/11/23 00:36:45.896, 93
2025/11/23 00:36:45.997, 98
2025/11/23 00:36:46.098, 93
2025/11/23 00:36:46.199, 87
2025/11/23 00:36:46.301, 97
2025/11/23 00:36:46.402, 85
2025/11/23 00:36:46.504, 97
2025/11/23 00:36:46.605, 92
2025/11/23 00:36:46.706, 98
2025/11/23 00:36:46.807, 97
2025/11/23 00:36:46.909, 81
2025/11/23 00:36:47.010, 97
2025/11/23 00:36:47.111, 90
2025/11/23 00:36:47.212, 97
2025/11/23 00:36:47.314, 93
2025/11/23 00:36:47.415, 97
2025/11/23 00:36:47.516, 94
2025/11/23 00:36:47.617, 85
2025/11/23 00:36:47.720, 97
2025/11/23 00:36:47.822, 93
2025/11/23 00:36:47.923, 83
2025/11/23 00:36:48.026, 97
2025/11/23 00:36:48.127, 94
2025/11/23 00:36:48.229, 97
2025/11/23 00:36:48.330, 92
2025/11/23 00:36:48.431, 98
2025/11/23 00:36:48.532, 93
2025/11/23 00:36:48.633, 87
2025/11/23 00:36:48.735, 97
2025/11/23 00:36:48.836, 89
2025/11/23 00:36:48.937, 97
2025/11/23 00:36:49.038, 97
2025/11/23 00:36:49.139, 85
2025/11/23 00:36:49.242, 97
2025/11/23 00:36:49.343, 91
2025/11/23 00:36:49.445, 98
2025/11/23 00:36:49.546, 90
2025/11/23 00:36:49.647, 98
2025/11/23 00:36:49.748, 93
2025/11/23 00:36:49.849, 97
2025/11/23 00:36:49.951, 97
2025/11/23 00:36:50.053, 86
2025/11/23 00:36:50.155, 97
2025/11/23 00:36:50.256, 89
2025/11/23 00:36:50.357, 98
2025/11/23 00:36:50.459, 96
2025/11/23 00:36:50.560, 86
2025/11/23 00:36:50.661, 98
2025/11/23 00:36:50.762, 92
2025/11/23 00:36:50.863, 84
2025/11/23 00:36:50.965, 97
2025/11/23 00:36:51.066, 90
2025/11/23 00:36:51.167, 98
2025/11/23 00:36:51.269, 96
2025/11/23 00:36:51.370, 82
2025/11/23 00:36:51.472, 98
2025/11/23 00:36:51.573, 94
2025/11/23 00:36:51.674, 90
2025/11/23 00:36:51.775, 97
2025/11/23 00:36:51.876, 92
2025/11/23 00:36:51.977, 98
2025/11/23 00:36:52.079, 89
2025/11/23 00:36:52.180, 97
2025/11/23 00:36:52.281, 96
2025/11/23 00:36:52.383, 83
2025/11/23 00:36:52.485, 97
2025/11/23 00:36:52.586, 94
2025/11/23 00:36:52.687, 85
2025/11/23 00:36:52.788, 98
2025/11/23 00:36:52.890, 96
2025/11/23 00:36:52.991, 89
2025/11/23 00:36:53.092, 97
2025/11/23 00:36:53.193, 93
2025/11/23 00:36:53.294, 88
2025/11/23 00:36:53.397, 97
2025/11/23 00:36:53.498, 94
2025/11/23 00:36:53.599, 97
2025/11/23 00:36:53.700, 97
2025/11/23 00:36:53.801, 89
2025/11/23 00:36:53.903, 97
2025/11/23 00:36:54.004, 88
2025/11/23 00:36:54.106, 84
2025/11/23 00:36:54.207, 97
2025/11/23 00:36:54.308, 87
2025/11/23 00:36:54.409, 97
2025/11/23 00:36:54.511, 94
2025/11/23 00:36:54.612, 93
2025/11/23 00:36:54.713, 98
2025/11/23 00:36:54.814, 93
2025/11/23 00:36:54.915, 83
2025/11/23 00:36:55.017, 97
2025/11/23 00:36:55.118, 93
2025/11/23 00:36:55.219, 98
2025/11/23 00:36:55.321, 96
2025/11/23 00:36:55.422, 88
2025/11/23 00:36:55.523, 97
2025/11/23 00:36:55.624, 90
2025/11/23 00:36:55.726, 97
2025/11/23 00:36:55.828, 96
2025/11/23 00:36:55.929, 90
2025/11/23 00:36:56.031, 97
2025/11/23 00:36:56.132, 91
2025/11/23 00:36:56.234, 98
2025/11/23 00:36:56.335, 96
2025/11/23 00:36:56.436, 93
2025/11/23 00:36:56.537, 97
2025/11/23 00:36:56.638, 89
2025/11/23 00:36:56.739, 97
2025/11/23 00:36:56.841, 96
2025/11/23 00:36:56.942, 91
2025/11/23 00:36:57.043, 4
2025/11/23 00:36:57.144, 91
2025/11/23 00:36:57.245, 97
2025/11/23 00:36:57.347, 93
2025/11/23 00:36:57.448, 82
2025/11/23 00:36:57.552, 97
2025/11/23 00:36:57.653, 95
2025/11/23 00:36:57.754, 88
2025/11/23 00:36:57.856, 98
2025/11/23 00:36:57.957, 94
2025/11/23 00:36:58.058, 86
2025/11/23 00:36:58.161, 97
2025/11/23 00:36:58.262, 92
2025/11/23 00:36:58.364, 88
2025/11/23 00:36:58.466, 98
2025/11/23 00:36:58.567, 92
2025/11/23 00:36:58.668, 97
2025/11/23 00:36:58.770, 97
2025/11/23 00:36:58.871, 94
2025/11/23 00:36:58.973, 97
2025/11/23 00:36:59.074, 97
2025/11/23 00:36:59.175, 85
2025/11/23 00:36:59.276, 84
2025/11/23 00:36:59.380, 97
2025/11/23 00:36:59.481, 93
2025/11/23 00:36:59.583, 97
2025/11/23 00:36:59.684, 97
2025/11/23 00:36:59.785, 93
2025/11/23 00:36:59.887, 85
2025/11/23 00:36:59.991, 97
2025/11/23 00:37:00.092, 94
2025/11/23 00:37:00.194, 90
2025/11/23 00:37:00.295, 97
2025/11/23 00:37:00.396, 94
2025/11/23 00:37:00.497, 86
2025/11/23 00:37:00.600, 97
2025/11/23 00:37:00.701, 96
2025/11/23 00:37:00.802, 91
2025/11/23 00:37:00.903, 97
2025/11/23 00:37:01.004, 95
2025/11/23 00:37:01.105, 91
2025/11/23 00:37:01.206, 97
2025/11/23 00:37:01.308, 96
2025/11/23 00:37:01.409, 94
2025/11/23 00:37:01.510, 97
2025/11/23 00:37:01.612, 97
2025/11/23 00:37:01.713, 87
2025/11/23 00:37:01.815, 98
2025/11/23 00:37:01.916, 97
2025/11/23 00:37:02.017, 85
2025/11/23 00:37:02.118, 98
2025/11/23 00:37:02.220, 95
2025/11/23 00:37:02.321, 92
2025/11/23 00:37:02.422, 97
2025/11/23 00:37:02.523, 95
2025/11/23 00:37:02.624, 91
2025/11/23 00:37:02.726, 98
2025/11/23 00:37:02.827, 92
2025/11/23 00:37:02.929, 80
2025/11/23 00:37:03.032, 97
2025/11/23 00:37:03.134, 94
2025/11/23 00:37:03.235, 94
2025/11/23 00:37:03.336, 89
2025/11/23 00:37:03.438, 97
2025/11/23 00:37:03.539, 95
2025/11/23 00:37:03.640, 86
2025/11/23 00:37:03.743, 97
2025/11/23 00:37:03.845, 94
2025/11/23 00:37:03.946, 90
2025/11/23 00:37:04.047, 98
2025/11/23 00:37:04.148, 93
2025/11/23 00:37:04.249, 86
2025/11/23 00:37:04.351, 98
2025/11/23 00:37:04.452, 93
2025/11/23 00:37:04.553, 88
2025/11/23 00:37:04.655, 98
2025/11/23 00:37:04.756, 96
2025/11/23 00:37:04.857, 92
2025/11/23 00:37:04.959, 97
2025/11/23 00:37:05.060, 97
2025/11/23 00:37:05.161, 86
2025/11/23 00:37:05.263, 85
2025/11/23 00:37:05.365, 98
2025/11/23 00:37:05.467, 90
2025/11/23 00:37:05.568, 92
2025/11/23 00:37:05.669, 97
2025/11/23 00:37:05.770, 95
2025/11/23 00:37:05.871, 88
2025/11/23 00:37:05.973, 97
2025/11/23 00:37:06.074, 94
2025/11/23 00:37:06.175, 84
2025/11/23 00:37:06.278, 96
2025/11/23 00:37:06.380, 92
2025/11/23 00:37:06.481, 81
2025/11/23 00:37:06.585, 98
2025/11/23 00:37:06.686, 96
2025/11/23 00:37:06.787, 90
2025/11/23 00:37:06.889, 98
2025/11/23 00:37:06.991, 97
2025/11/23 00:37:07.092, 91
2025/11/23 00:37:07.193, 85
2025/11/23 00:37:07.294, 97
2025/11/23 00:37:07.395, 93
2025/11/23 00:37:07.497, 88
2025/11/23 00:37:07.599, 98
2025/11/23 00:37:07.700, 94
2025/11/23 00:37:07.801, 89
2025/11/23 00:37:07.902, 97
2025/11/23 00:37:08.004, 93
2025/11/23 00:37:08.105, 82
2025/11/23 00:37:08.209, 97
2025/11/23 00:37:08.310, 92
2025/11/23 00:37:08.411, 98
2025/11/23 00:37:08.513, 97
2025/11/23 00:37:08.614, 89
2025/11/23 00:37:08.715, 87
2025/11/23 00:37:08.818, 97
2025/11/23 00:37:08.919, 97
2025/11/23 00:37:09.020, 93
2025/11/23 00:37:09.121, 98
2025/11/23 00:37:09.222, 94
2025/11/23 00:37:09.323, 97
2025/11/23 00:37:09.424, 96
2025/11/23 00:37:09.525, 90
2025/11/23 00:37:09.627, 98
2025/11/23 00:37:09.728, 90
2025/11/23 00:37:09.829, 83
2025/11/23 00:37:09.933, 98
2025/11/23 00:37:10.034, 93
2025/11/23 00:37:10.135, 87
2025/11/23 00:37:10.237, 97
2025/11/23 00:37:10.338, 91
2025/11/23 00:37:10.440, 88
2025/11/23 00:37:10.541, 96
2025/11/23 00:37:10.642, 91
2025/11/23 00:37:10.743, 89
2025/11/23 00:37:10.844, 97
2025/11/23 00:37:10.945, 96
2025/11/23 00:37:11.047, 85
2025/11/23 00:37:11.149, 97
2025/11/23 00:37:11.250, 94
2025/11/23 00:37:11.351, 90
2025/11/23 00:37:11.452, 97
2025/11/23 00:37:11.553, 89
2025/11/23 00:37:11.655, 88
2025/11/23 00:37:11.757, 97
2025/11/23 00:37:11.858, 87
2025/11/23 00:37:11.960, 98
2025/11/23 00:37:12.062, 96
2025/11/23 00:37:12.163, 94
2025/11/23 00:37:12.264, 98
2025/11/23 00:37:12.365, 96
2025/11/23 00:37:12.466, 92
2025/11/23 00:37:12.568, 98
2025/11/23 00:37:12.669, 97
2025/11/23 00:37:12.770, 93
2025/11/23 00:37:12.871, 98
2025/11/23 00:37:12.972, 95
2025/11/23 00:37:13.073, 86
2025/11/23 00:37:13.175, 97
2025/11/23 00:37:13.277, 94
2025/11/23 00:37:13.378, 80
2025/11/23 00:37:13.480, 97
2025/11/23 00:37:13.581, 88
2025/11/23 00:37:13.683, 98
2025/11/23 00:37:13.785, 97
2025/11/23 00:37:13.886, 92
2025/11/23 00:37:13.987, 98
2025/11/23 00:37:14.088, 96
2025/11/23 00:37:14.189, 81
2025/11/23 00:37:14.291, 97
2025/11/23 00:37:14.392, 96
2025/11/23 00:37:14.493, 89
2025/11/23 00:37:14.596, 97
2025/11/23 00:37:14.697, 91
2025/11/23 00:37:14.798, 81
2025/11/23 00:37:14.899, 97
2025/11/23 00:37:15.001, 95
2025/11/23 00:37:15.102, 89
2025/11/23 00:37:15.204, 97
2025/11/23 00:37:15.305, 87
2025/11/23 00:37:15.406, 98
2025/11/23 00:37:15.507, 79
2025/11/23 00:37:15.610, 83
2025/11/23 00:37:15.713, 96
2025/11/23 00:37:15.814, 94
2025/11/23 00:37:15.915, 94
2025/11/23 00:37:16.016, 98
2025/11/23 00:37:16.118, 97
2025/11/23 00:37:16.219, 91
2025/11/23 00:37:16.320, 76
2025/11/23 00:37:16.422, 97
2025/11/23 00:37:16.523, 89
2025/11/23 00:37:16.625, 87
2025/11/23 00:37:16.726, 97
2025/11/23 00:37:16.827, 93
2025/11/23 00:37:16.928, 87
2025/11/23 00:37:17.030, 97
2025/11/23 00:37:17.132, 91
2025/11/23 00:37:17.233, 81
2025/11/23 00:37:17.335, 97
2025/11/23 00:37:17.436, 96
2025/11/23 00:37:17.537, 90
2025/11/23 00:37:17.638, 97
2025/11/23 00:37:17.739, 97
2025/11/23 00:37:17.841, 89
2025/11/23 00:37:17.942, 85
2025/11/23 00:37:18.043, 97
2025/11/23 00:37:18.144, 89
2025/11/23 00:37:18.245, 98
2025/11/23 00:37:18.347, 97
2025/11/23 00:37:18.448, 88
2025/11/23 00:37:18.549, 98
2025/11/23 00:37:18.651, 97
2025/11/23 00:37:18.752, 90
2025/11/23 00:37:18.853, 82
2025/11/23 00:37:18.955, 97
2025/11/23 00:37:19.057, 77
2025/11/23 00:37:19.158, 97
2025/11/23 00:37:19.259, 92
2025/11/23 00:37:19.361, 86
2025/11/23 00:37:19.462, 97
2025/11/23 00:37:19.564, 92
2025/11/23 00:37:19.665, 87
2025/11/23 00:37:19.766, 97
2025/11/23 00:37:19.867, 93
2025/11/23 00:37:19.968, 85
2025/11/23 00:37:20.070, 97
2025/11/23 00:37:20.172, 89
2025/11/23 00:37:20.273, 79
2025/11/23 00:37:20.376, 97
2025/11/23 00:37:20.478, 93
2025/11/23 00:37:20.579, 88
2025/11/23 00:37:20.680, 98
2025/11/23 00:37:20.781, 93
2025/11/23 00:37:20.883, 91
2025/11/23 00:37:20.984, 97
2025/11/23 00:37:21.085, 95
2025/11/23 00:37:21.186, 93
2025/11/23 00:37:21.287, 98
2025/11/23 00:37:21.388, 93
2025/11/23 00:37:21.489, 63
2025/11/23 00:37:21.591, 88
2025/11/23 00:37:21.692, 97
2025/11/23 00:37:21.793, 93
2025/11/23 00:37:21.894, 88
2025/11/23 00:37:21.996, 97
2025/11/23 00:37:22.097, 95
2025/11/23 00:37:22.198, 89
2025/11/23 00:37:22.299, 97
2025/11/23 00:37:22.400, 96
2025/11/23 00:37:22.501, 89
2025/11/23 00:37:22.603, 97
2025/11/23 00:37:22.704, 94
2025/11/23 00:37:22.805, 85
2025/11/23 00:37:22.908, 97
2025/11/23 00:37:23.010, 88
2025/11/23 00:37:23.111, 98
2025/11/23 00:37:23.213, 97
2025/11/23 00:37:23.314, 93
2025/11/23 00:37:23.415, 98
2025/11/23 00:37:23.516, 96
2025/11/23 00:37:23.617, 94
2025/11/23 00:37:23.718, 97
2025/11/23 00:37:23.819, 97
2025/11/23 00:37:23.921, 92
2025/11/23 00:37:24.022, 97
2025/11/23 00:37:24.123, 96
2025/11/23 00:37:24.224, 93
2025/11/23 00:37:24.325, 97
2025/11/23 00:37:24.426, 96
2025/11/23 00:37:24.528, 95
2025/11/23 00:37:24.629, 98
2025/11/23 00:37:24.731, 96
2025/11/23 00:37:24.832, 92
2025/11/23 00:37:24.933, 96
2025/11/23 00:37:25.034, 96
2025/11/23 00:37:25.136, 84
2025/11/23 00:37:25.237, 86
2025/11/23 00:37:25.341, 98
2025/11/23 00:37:25.442, 95
2025/11/23 00:37:25.543, 88
2025/11/23 00:37:25.644, 97
2025/11/23 00:37:25.745, 96
2025/11/23 00:37:25.846, 94
2025/11/23 00:37:25.947, 82
2025/11/23 00:37:26.049, 97
2025/11/23 00:37:26.150, 91
2025/11/23 00:37:26.251, 87
2025/11/23 00:37:26.355, 97
2025/11/23 00:37:26.456, 95
2025/11/23 00:37:26.557, 88
2025/11/23 00:37:26.659, 97
2025/11/23 00:37:26.761, 96
2025/11/23 00:37:26.862, 94
2025/11/23 00:37:26.963, 97
2025/11/23 00:37:27.064, 93
2025/11/23 00:37:27.165, 91
2025/11/23 00:37:27.268, 97
2025/11/23 00:37:27.369, 92
2025/11/23 00:37:27.470, 86
2025/11/23 00:37:27.573, 97
2025/11/23 00:37:27.674, 85
2025/11/23 00:37:27.775, 97
2025/11/23 00:37:27.876, 92
2025/11/23 00:37:27.978, 98
2025/11/23 00:37:28.079, 95
2025/11/23 00:37:28.180, 90
2025/11/23 00:37:28.282, 98
2025/11/23 00:37:28.383, 96
2025/11/23 00:37:28.484, 90
2025/11/23 00:37:28.586, 97
2025/11/23 00:37:28.687, 95
2025/11/23 00:37:28.788, 84
2025/11/23 00:37:28.890, 87
2025/11/23 00:37:28.993, 97
2025/11/23 00:37:29.094, 93
2025/11/23 00:37:29.195, 86
2025/11/23 00:37:29.297, 98
2025/11/23 00:37:29.398, 95
2025/11/23 00:37:29.500, 90
2025/11/23 00:37:29.601, 98
2025/11/23 00:37:29.702, 95
2025/11/23 00:37:29.803, 89
2025/11/23 00:37:29.905, 98
2025/11/23 00:37:30.006, 94
2025/11/23 00:37:30.107, 93
2025/11/23 00:37:30.209, 98
2025/11/23 00:37:30.310, 97
2025/11/23 00:37:30.411, 85
2025/11/23 00:37:30.513, 97
2025/11/23 00:37:30.615, 97
2025/11/23 00:37:30.716, 90
2025/11/23 00:37:30.817, 83
2025/11/23 00:37:30.918, 97
2025/11/23 00:37:31.019, 87
2025/11/23 00:37:31.121, 97
2025/11/23 00:37:31.222, 96
2025/11/23 00:37:31.323, 93
2025/11/23 00:37:31.425, 97
2025/11/23 00:37:31.526, 92
2025/11/23 00:37:31.628, 87
2025/11/23 00:37:31.730, 97
2025/11/23 00:37:31.831, 90
2025/11/23 00:37:31.933, 97
2025/11/23 00:37:32.034, 96
2025/11/23 00:37:32.135, 87
2025/11/23 00:37:32.237, 97
2025/11/23 00:37:32.338, 95
2025/11/23 00:37:32.439, 87
2025/11/23 00:37:32.542, 97
2025/11/23 00:37:32.643, 94
2025/11/23 00:37:32.745, 87
2025/11/23 00:37:32.846, 98
2025/11/23 00:37:32.947, 95
2025/11/23 00:37:33.049, 91
2025/11/23 00:37:33.150, 97
2025/11/23 00:37:33.251, 96
2025/11/23 00:37:33.353, 90
2025/11/23 00:37:33.454, 98
2025/11/23 00:37:33.555, 87
2025/11/23 00:37:33.656, 93
2025/11/23 00:37:33.758, 70
2025/11/23 00:37:33.859, 98
2025/11/23 00:37:33.960, 96
2025/11/23 00:37:34.061, 93
2025/11/23 00:37:34.162, 97
2025/11/23 00:37:34.264, 96
2025/11/23 00:37:34.365, 86
2025/11/23 00:37:34.466, 98
2025/11/23 00:37:34.567, 83
2025/11/23 00:37:34.669, 88
2025/11/23 00:37:34.770, 97
2025/11/23 00:37:34.871, 93
2025/11/23 00:37:34.972, 83
2025/11/23 00:37:35.073, 96
2025/11/23 00:37:35.174, 96
2025/11/23 00:37:35.276, 86
2025/11/23 00:37:35.377, 96
2025/11/23 00:37:35.478, 92
2025/11/23 00:37:35.579, 97
2025/11/23 00:37:35.680, 96
2025/11/23 00:37:35.781, 93
2025/11/23 00:37:35.883, 97
2025/11/23 00:37:35.984, 96
2025/11/23 00:37:36.085, 89
2025/11/23 00:37:36.186, 97
2025/11/23 00:37:36.287, 94
2025/11/23 00:37:36.389, 92
2025/11/23 00:37:36.491, 98
2025/11/23 00:37:36.592, 95
2025/11/23 00:37:36.693, 93
2025/11/23 00:37:36.794, 98
2025/11/23 00:37:36.896, 93
2025/11/23 00:37:36.997, 90
2025/11/23 00:37:37.098, 84
2025/11/23 00:37:37.202, 97
2025/11/23 00:37:37.303, 96
2025/11/23 00:37:37.405, 86
2025/11/23 00:37:37.506, 97
2025/11/23 00:37:37.607, 92
2025/11/23 00:37:37.709, 98
2025/11/23 00:37:37.810, 97
2025/11/23 00:37:37.911, 94
2025/11/23 00:37:38.012, 88
2025/11/23 00:37:38.113, 97
2025/11/23 00:37:38.215, 94
2025/11/23 00:37:38.316, 88
2025/11/23 00:37:38.417, 98
2025/11/23 00:37:38.519, 94
2025/11/23 00:37:38.620, 80
2025/11/23 00:37:38.723, 98
2025/11/23 00:37:38.824, 96
2025/11/23 00:37:38.925, 92
2025/11/23 00:37:39.026, 98
2025/11/23 00:37:39.128, 94
2025/11/23 00:37:39.229, 83
2025/11/23 00:37:39.331, 97
2025/11/23 00:37:39.432, 94
2025/11/23 00:37:39.533, 88
2025/11/23 00:37:39.635, 97
2025/11/23 00:37:39.736, 96
2025/11/23 00:37:39.837, 68
2025/11/23 00:37:39.938, 97
2025/11/23 00:37:40.039, 88
2025/11/23 00:37:40.140, 97
2025/11/23 00:37:40.242, 96
2025/11/23 00:37:40.343, 83
2025/11/23 00:37:40.444, 98
2025/11/23 00:37:40.546, 97
2025/11/23 00:37:40.647, 91
2025/11/23 00:37:40.748, 97
2025/11/23 00:37:40.850, 97
2025/11/23 00:37:40.951, 88
2025/11/23 00:37:41.052, 84
2025/11/23 00:37:41.154, 97
2025/11/23 00:37:41.255, 93
2025/11/23 00:37:41.356, 97
2025/11/23 00:37:41.457, 93
2025/11/23 00:37:41.558, 90
2025/11/23 00:37:41.659, 98
2025/11/23 00:37:41.760, 93
2025/11/23 00:37:41.862, 90
2025/11/23 00:37:41.966, 97
2025/11/23 00:37:42.067, 81
2025/11/23 00:37:42.168, 83
2025/11/23 00:37:42.273, 97
2025/11/23 00:37:42.374, 93
2025/11/23 00:37:42.475, 87
2025/11/23 00:37:42.576, 97
2025/11/23 00:37:42.677, 95
2025/11/23 00:37:42.779, 95
2025/11/23 00:37:42.880, 98
2025/11/23 00:37:42.981, 96
2025/11/23 00:37:43.082, 92
2025/11/23 00:37:43.183, 89
2025/11/23 00:37:43.287, 97
2025/11/23 00:37:43.388, 94
2025/11/23 00:37:43.489, 89
2025/11/23 00:37:43.590, 98
2025/11/23 00:37:43.691, 96
2025/11/23 00:37:43.793, 88
2025/11/23 00:37:43.895, 98
2025/11/23 00:37:43.996, 96
2025/11/23 00:37:44.097, 90
2025/11/23 00:37:44.198, 97
2025/11/23 00:37:44.300, 97
2025/11/23 00:37:44.401, 87
2025/11/23 00:37:44.503, 86
2025/11/23 00:37:44.608, 97
2025/11/23 00:37:44.709, 91
2025/11/23 00:37:44.810, 82
2025/11/23 00:37:44.914, 98
2025/11/23 00:37:45.016, 91
2025/11/23 00:37:45.117, 97
2025/11/23 00:37:45.218, 96
2025/11/23 00:37:45.319, 91
2025/11/23 00:37:45.420, 82
2025/11/23 00:37:45.525, 97
2025/11/23 00:37:45.626, 83
2025/11/23 00:37:45.727, 98
2025/11/23 00:37:45.828, 96
2025/11/23 00:37:45.930, 63
2025/11/23 00:37:46.032, 93
2025/11/23 00:37:46.133, 91
2025/11/23 00:37:46.235, 97
2025/11/23 00:37:46.336, 90
2025/11/23 00:37:46.437, 97
2025/11/23 00:37:46.538, 97
2025/11/23 00:37:46.640, 93
2025/11/23 00:37:46.741, 97
2025/11/23 00:37:46.842, 97
2025/11/23 00:37:46.943, 92
2025/11/23 00:37:47.044, 97
2025/11/23 00:37:47.145, 96
2025/11/23 00:37:47.247, 93
2025/11/23 00:37:47.348, 94
2025/11/23 00:37:47.449, 97
2025/11/23 00:37:47.550, 88
2025/11/23 00:37:47.652, 98
2025/11/23 00:37:47.753, 96
2025/11/23 00:37:47.854, 92
2025/11/23 00:37:47.955, 98
2025/11/23 00:37:48.057, 96
2025/11/23 00:37:48.158, 91
2025/11/23 00:37:48.259, 97
2025/11/23 00:37:48.361, 95
2025/11/23 00:37:48.462, 86
2025/11/23 00:37:48.564, 97
2025/11/23 00:37:48.665, 94
2025/11/23 00:37:48.767, 97
2025/11/23 00:37:48.868, 97
2025/11/23 00:37:48.969, 93
2025/11/23 00:37:49.070, 98
2025/11/23 00:37:49.171, 95
2025/11/23 00:37:49.272, 92
2025/11/23 00:37:49.374, 97
2025/11/23 00:37:49.475, 92
2025/11/23 00:37:49.576, 93
2025/11/23 00:37:49.677, 97
2025/11/23 00:37:49.778, 96
2025/11/23 00:37:49.879, 90
2025/11/23 00:37:49.981, 98
2025/11/23 00:37:50.082, 94
2025/11/23 00:37:50.183, 86
2025/11/23 00:37:50.286, 97
2025/11/23 00:37:50.387, 93
2025/11/23 00:37:50.488, 87
2025/11/23 00:37:50.591, 97
2025/11/23 00:37:50.692, 93
2025/11/23 00:37:50.793, 91
2025/11/23 00:37:50.894, 97
2025/11/23 00:37:50.995, 93
2025/11/23 00:37:51.097, 87
2025/11/23 00:37:51.198, 97
2025/11/23 00:37:51.299, 96
2025/11/23 00:37:51.400, 90
2025/11/23 00:37:51.502, 98
2025/11/23 00:37:51.603, 96
2025/11/23 00:37:51.704, 90
2025/11/23 00:37:51.805, 97
2025/11/23 00:37:51.906, 92
2025/11/23 00:37:52.007, 88
2025/11/23 00:37:52.108, 83
2025/11/23 00:37:52.209, 87
2025/11/23 00:37:52.313, 97
2025/11/23 00:37:52.414, 95
2025/11/23 00:37:52.515, 90
2025/11/23 00:37:52.616, 97
2025/11/23 00:37:52.717, 92
2025/11/23 00:37:52.818, 89
2025/11/23 00:37:52.921, 97
2025/11/23 00:37:53.022, 91
2025/11/23 00:37:53.123, 85
2025/11/23 00:37:53.225, 97
2025/11/23 00:37:53.326, 95
2025/11/23 00:37:53.428, 87
2025/11/23 00:37:53.529, 98
2025/11/23 00:37:53.630, 91
2025/11/23 00:37:53.731, 88
2025/11/23 00:37:53.834, 97
2025/11/23 00:37:53.935, 95
2025/11/23 00:37:54.036, 86
2025/11/23 00:37:54.139, 97
2025/11/23 00:37:54.240, 91
2025/11/23 00:37:54.341, 79
2025/11/23 00:37:54.443, 97
2025/11/23 00:37:54.545, 91
2025/11/23 00:37:54.646, 88
2025/11/23 00:37:54.747, 97
2025/11/23 00:37:54.848, 97
2025/11/23 00:37:54.949, 90
2025/11/23 00:37:55.050, 86
2025/11/23 00:37:55.153, 97
2025/11/23 00:37:55.254, 90
2025/11/23 00:37:55.355, 97
2025/11/23 00:37:55.456, 97
2025/11/23 00:37:55.558, 92
2025/11/23 00:37:55.659, 89
2025/11/23 00:37:55.761, 97
2025/11/23 00:37:55.862, 92
2025/11/23 00:37:55.963, 83
2025/11/23 00:37:56.067, 97
2025/11/23 00:37:56.168, 94
2025/11/23 00:37:56.269, 87
2025/11/23 00:37:56.371, 98
2025/11/23 00:37:56.472, 94
2025/11/23 00:37:56.573, 88
2025/11/23 00:37:56.675, 97
2025/11/23 00:37:56.777, 95
2025/11/23 00:37:56.878, 87
2025/11/23 00:37:56.980, 97
2025/11/23 00:37:57.081, 92
2025/11/23 00:37:57.182, 98
2025/11/23 00:37:57.285, 97
2025/11/23 00:37:57.386, 89
2025/11/23 00:37:57.487, 98
2025/11/23 00:37:57.588, 93
2025/11/23 00:37:57.689, 88
2025/11/23 00:37:57.792, 97
2025/11/23 00:37:57.893, 96
2025/11/23 00:37:57.994, 89
2025/11/23 00:37:58.095, 87
2025/11/23 00:37:58.201, 77
2025/11/23 00:37:58.302, 84
2025/11/23 00:37:58.405, 97
2025/11/23 00:37:58.506, 94
2025/11/23 00:37:58.607, 89
2025/11/23 00:37:58.710, 97
2025/11/23 00:37:58.811, 89
2025/11/23 00:37:58.912, 92
2025/11/23 00:37:59.014, 96
2025/11/23 00:37:59.115, 91
2025/11/23 00:37:59.216, 98
2025/11/23 00:37:59.317, 91
2025/11/23 00:37:59.419, 82
2025/11/23 00:37:59.520, 98
2025/11/23 00:37:59.622, 97
2025/11/23 00:37:59.723, 90
2025/11/23 00:37:59.824, 97
2025/11/23 00:37:59.925, 96
2025/11/23 00:38:00.026, 92
2025/11/23 00:38:00.128, 97
2025/11/23 00:38:00.229, 96
2025/11/23 00:38:00.330, 94
2025/11/23 00:38:00.431, 97
2025/11/23 00:38:00.532, 97
2025/11/23 00:38:00.633, 90
2025/11/23 00:38:00.735, 95
2025/11/23 00:38:00.836, 97
2025/11/23 00:38:00.937, 90
2025/11/23 00:38:01.039, 98
2025/11/23 00:38:01.140, 97
2025/11/23 00:38:01.241, 91
2025/11/23 00:38:01.342, 97
2025/11/23 00:38:01.443, 96
2025/11/23 00:38:01.544, 93
2025/11/23 00:38:01.645, 97
2025/11/23 00:38:01.747, 96
2025/11/23 00:38:01.848, 85
2025/11/23 00:38:01.949, 97
2025/11/23 00:38:02.050, 94
2025/11/23 00:38:02.152, 88
2025/11/23 00:38:02.253, 97
2025/11/23 00:38:02.354, 95
2025/11/23 00:38:02.455, 85
2025/11/23 00:38:02.557, 97
2025/11/23 00:38:02.658, 90
2025/11/23 00:38:02.759, 98
2025/11/23 00:38:02.860, 97
2025/11/23 00:38:02.961, 92
2025/11/23 00:38:03.062, 97
2025/11/23 00:38:03.163, 96
2025/11/23 00:38:03.265, 91
2025/11/23 00:38:03.366, 98
2025/11/23 00:38:03.467, 93
2025/11/23 00:38:03.568, 92
2025/11/23 00:38:03.669, 97
2025/11/23 00:38:03.771, 93
2025/11/23 00:38:03.872, 88
2025/11/23 00:38:03.976, 98
2025/11/23 00:38:04.077, 94
2025/11/23 00:38:04.178, 86
2025/11/23 00:38:04.281, 97
2025/11/23 00:38:04.383, 97
2025/11/23 00:38:04.484, 97
2025/11/23 00:38:04.585, 92
2025/11/23 00:38:04.686, 97
2025/11/23 00:38:04.787, 95
2025/11/23 00:38:04.889, 92
2025/11/23 00:38:04.990, 86
2025/11/23 00:38:05.093, 97
2025/11/23 00:38:05.194, 94
2025/11/23 00:38:05.295, 97
2025/11/23 00:38:05.396, 96
2025/11/23 00:38:05.497, 91
2025/11/23 00:38:05.599, 97
2025/11/23 00:38:05.700, 97
2025/11/23 00:38:05.801, 94
2025/11/23 00:38:05.902, 97
2025/11/23 00:38:06.004, 96
2025/11/23 00:38:06.105, 92
2025/11/23 00:38:06.206, 86
2025/11/23 00:38:06.308, 98
2025/11/23 00:38:06.409, 96
2025/11/23 00:38:06.510, 92
2025/11/23 00:38:06.611, 98
2025/11/23 00:38:06.712, 97
2025/11/23 00:38:06.814, 92
2025/11/23 00:38:06.915, 98
2025/11/23 00:38:07.016, 94
2025/11/23 00:38:07.117, 89
2025/11/23 00:38:07.218, 98
2025/11/23 00:38:07.319, 96
2025/11/23 00:38:07.421, 86
2025/11/23 00:38:07.522, 98
2025/11/23 00:38:07.623, 96
2025/11/23 00:38:07.724, 92
2025/11/23 00:38:07.825, 98
2025/11/23 00:38:07.927, 96
2025/11/23 00:38:08.028, 92
2025/11/23 00:38:08.129, 97
2025/11/23 00:38:08.230, 93
2025/11/23 00:38:08.331, 89
2025/11/23 00:38:08.434, 98
2025/11/23 00:38:08.535, 95
2025/11/23 00:38:08.636, 91
2025/11/23 00:38:08.737, 98
2025/11/23 00:38:08.838, 95
2025/11/23 00:38:08.939, 93
2025/11/23 00:38:09.040, 97
2025/11/23 00:38:09.141, 97
2025/11/23 00:38:09.243, 93
2025/11/23 00:38:09.344, 98
2025/11/23 00:38:09.446, 97
2025/11/23 00:38:09.547, 87
2025/11/23 00:38:09.649, 98
2025/11/23 00:38:09.751, 97
2025/11/23 00:38:09.852, 93
2025/11/23 00:38:09.953, 97
2025/11/23 00:38:10.054, 97
2025/11/23 00:38:10.156, 92
2025/11/23 00:38:10.257, 98
2025/11/23 00:38:10.358, 96
2025/11/23 00:38:10.459, 97
2025/11/23 00:38:10.561, 96
2025/11/23 00:38:10.662, 86
2025/11/23 00:38:10.764, 98
2025/11/23 00:38:10.865, 94
2025/11/23 00:38:10.966, 90
2025/11/23 00:38:11.067, 98
2025/11/23 00:38:11.169, 97
2025/11/23 00:38:11.270, 93
2025/11/23 00:38:11.371, 98
2025/11/23 00:38:11.472, 94
2025/11/23 00:38:11.573, 89
2025/11/23 00:38:11.675, 97
2025/11/23 00:38:11.777, 95
2025/11/23 00:38:11.878, 89
2025/11/23 00:38:11.979, 97
2025/11/23 00:38:12.081, 96
2025/11/23 00:38:12.182, 90
2025/11/23 00:38:12.283, 97
2025/11/23 00:38:12.384, 96
2025/11/23 00:38:12.485, 86
2025/11/23 00:38:12.587, 97
2025/11/23 00:38:12.688, 95
2025/11/23 00:38:12.789, 92
2025/11/23 00:38:12.890, 97
2025/11/23 00:38:12.991, 96
2025/11/23 00:38:13.092, 92
2025/11/23 00:38:13.193, 97
2025/11/23 00:38:13.295, 95
2025/11/23 00:38:13.396, 93
2025/11/23 00:38:13.497, 98
2025/11/23 00:38:13.598, 97
2025/11/23 00:38:13.699, 92
2025/11/23 00:38:13.801, 89
2025/11/23 00:38:13.902, 97
2025/11/23 00:38:14.003, 93
2025/11/23 00:38:14.104, 98
2025/11/23 00:38:14.206, 97
2025/11/23 00:38:14.307, 90
2025/11/23 00:38:14.409, 98
2025/11/23 00:38:14.510, 95
2025/11/23 00:38:14.611, 86
2025/11/23 00:38:14.713, 97
2025/11/23 00:38:14.814, 92
2025/11/23 00:38:14.915, 83
2025/11/23 00:38:15.020, 97
2025/11/23 00:38:15.121, 94
2025/11/23 00:38:15.222, 91
2025/11/23 00:38:15.323, 97
2025/11/23 00:38:15.425, 95
2025/11/23 00:38:15.526, 94
2025/11/23 00:38:15.627, 97
2025/11/23 00:38:15.728, 95
2025/11/23 00:38:15.829, 90
2025/11/23 00:38:15.930, 97
2025/11/23 00:38:16.031, 95
2025/11/23 00:38:16.133, 85
2025/11/23 00:38:16.236, 97
2025/11/23 00:38:16.337, 95
2025/11/23 00:38:16.438, 91
2025/11/23 00:38:16.540, 89
2025/11/23 00:38:16.641, 87
2025/11/23 00:38:16.742, 97
2025/11/23 00:38:16.843, 96
2025/11/23 00:38:16.945, 92
2025/11/23 00:38:17.046, 97
2025/11/23 00:38:17.147, 94
2025/11/23 00:38:17.248, 85
2025/11/23 00:38:17.350, 97
2025/11/23 00:38:17.451, 89
2025/11/23 00:38:17.552, 88
2025/11/23 00:38:17.654, 97
2025/11/23 00:38:17.755, 96
2025/11/23 00:38:17.857, 94
2025/11/23 00:38:17.958, 98
2025/11/23 00:38:18.060, 97
2025/11/23 00:38:18.161, 95
2025/11/23 00:38:18.262, 89
2025/11/23 00:38:18.363, 98
2025/11/23 00:38:18.464, 93
2025/11/23 00:38:18.565, 85
2025/11/23 00:38:18.669, 97
2025/11/23 00:38:18.770, 91
2025/11/23 00:38:18.871, 98
2025/11/23 00:38:18.973, 97
2025/11/23 00:38:19.074, 94
2025/11/23 00:38:19.176, 98
2025/11/23 00:38:19.278, 97
2025/11/23 00:38:19.379, 93
2025/11/23 00:38:19.480, 97
2025/11/23 00:38:19.582, 97
2025/11/23 00:38:19.683, 91
2025/11/23 00:38:19.785, 89
2025/11/23 00:38:19.888, 97
2025/11/23 00:38:19.989, 87
2025/11/23 00:38:20.090, 97
2025/11/23 00:38:20.191, 97
2025/11/23 00:38:20.292, 90
2025/11/23 00:38:20.394, 87
2025/11/23 00:38:20.495, 97
2025/11/23 00:38:20.596, 90
2025/11/23 00:38:20.697, 97
2025/11/23 00:38:20.798, 94
2025/11/23 00:38:20.899, 86
2025/11/23 00:38:21.001, 98
2025/11/23 00:38:21.102, 95
2025/11/23 00:38:21.203, 86
2025/11/23 00:38:21.304, 97
2025/11/23 00:38:21.405, 83
2025/11/23 00:38:21.506, 86
2025/11/23 00:38:21.610, 98
2025/11/23 00:38:21.711, 93
2025/11/23 00:38:21.813, 92
2025/11/23 00:38:21.915, 98
2025/11/23 00:38:22.017, 90
2025/11/23 00:38:22.118, 98
2025/11/23 00:38:22.220, 98
2025/11/23 00:38:22.321, 96
2025/11/23 00:38:22.423, 87
2025/11/23 00:38:22.524, 98
2025/11/23 00:38:22.625, 59
2025/11/23 00:38:22.726, 98
2025/11/23 00:38:22.827, 93
2025/11/23 00:38:22.928, 98
2025/11/23 00:38:23.029, 97
2025/11/23 00:38:23.130, 92
2025/11/23 00:38:23.232, 98
2025/11/23 00:38:23.333, 97
2025/11/23 00:38:23.434, 93
2025/11/23 00:38:23.536, 87
2025/11/23 00:38:23.637, 97
2025/11/23 00:38:23.738, 96
2025/11/23 00:38:23.840, 87
2025/11/23 00:38:23.941, 97
2025/11/23 00:38:24.042, 93
2025/11/23 00:38:24.143, 85
2025/11/23 00:38:24.245, 97
2025/11/23 00:38:24.347, 91
2025/11/23 00:38:24.448, 77
2025/11/23 00:38:24.552, 97
2025/11/23 00:38:24.653, 93
2025/11/23 00:38:24.755, 85
2025/11/23 00:38:24.858, 97
2025/11/23 00:38:24.959, 96
2025/11/23 00:38:25.060, 80
2025/11/23 00:38:25.163, 97
2025/11/23 00:38:25.264, 92
2025/11/23 00:38:25.366, 85
2025/11/23 00:38:25.470, 98
2025/11/23 00:38:25.571, 95
2025/11/23 00:38:25.672, 85
2025/11/23 00:38:25.774, 97
2025/11/23 00:38:25.875, 89
2025/11/23 00:38:25.976, 97
2025/11/23 00:38:26.077, 97
2025/11/23 00:38:26.178, 94
2025/11/23 00:38:26.279, 80
2025/11/23 00:38:26.382, 98
2025/11/23 00:38:26.483, 96
2025/11/23 00:38:26.584, 90
2025/11/23 00:38:26.685, 98
2025/11/23 00:38:26.786, 97
2025/11/23 00:38:26.887, 91
2025/11/23 00:38:26.988, 98
2025/11/23 00:38:27.090, 97
2025/11/23 00:38:27.191, 96
2025/11/23 00:38:27.292, 90
2025/11/23 00:38:27.394, 98
2025/11/23 00:38:27.495, 96
2025/11/23 00:38:27.596, 89
2025/11/23 00:38:27.697, 98
2025/11/23 00:38:27.798, 97
2025/11/23 00:38:27.899, 92
2025/11/23 00:38:28.000, 98
2025/11/23 00:38:28.102, 94
2025/11/23 00:38:28.203, 89
2025/11/23 00:38:28.305, 97
2025/11/23 00:38:28.406, 95
2025/11/23 00:38:28.507, 92
2025/11/23 00:38:28.608, 98
2025/11/23 00:38:28.710, 37
2025/11/23 00:38:28.811, 97
2025/11/23 00:38:28.912, 85
2025/11/23 00:38:29.013, 97
2025/11/23 00:38:29.114, 96
2025/11/23 00:38:29.216, 93
2025/11/23 00:38:29.317, 79
2025/11/23 00:38:29.421, 96
2025/11/23 00:38:29.522, 92
2025/11/23 00:38:29.623, 86
2025/11/23 00:38:29.726, 98
2025/11/23 00:38:29.827, 93
2025/11/23 00:38:29.929, 96
2025/11/23 00:38:30.029, 96
2025/11/23 00:38:30.130, 89
2025/11/23 00:38:30.233, 97
2025/11/23 00:38:30.334, 95
2025/11/23 00:38:30.435, 87
2025/11/23 00:38:30.537, 97
2025/11/23 00:38:30.638, 93
2025/11/23 00:38:30.739, 86
2025/11/23 00:38:30.841, 97
2025/11/23 00:38:30.942, 96
2025/11/23 00:38:31.043, 86
2025/11/23 00:38:31.144, 97
2025/11/23 00:38:31.245, 92
2025/11/23 00:38:31.346, 97
2025/11/23 00:38:31.448, 97
2025/11/23 00:38:31.549, 90
2025/11/23 00:38:31.650, 97
2025/11/23 00:38:31.751, 97
2025/11/23 00:38:31.852, 89
2025/11/23 00:38:31.953, 98
2025/11/23 00:38:32.054, 94
2025/11/23 00:38:32.155, 85
2025/11/23 00:38:32.260, 97
2025/11/23 00:38:32.361, 95
2025/11/23 00:38:32.463, 88
2025/11/23 00:38:32.566, 98
2025/11/23 00:38:32.667, 96
2025/11/23 00:38:32.768, 92
2025/11/23 00:38:32.869, 98
2025/11/23 00:38:32.970, 93
2025/11/23 00:38:33.072, 86
2025/11/23 00:38:33.175, 97
2025/11/23 00:38:33.276, 90
2025/11/23 00:38:33.377, 85
2025/11/23 00:38:33.481, 97
2025/11/23 00:38:33.582, 94
2025/11/23 00:38:33.684, 97
2025/11/23 00:38:33.785, 98
2025/11/23 00:38:33.886, 95
2025/11/23 00:38:33.987, 87
2025/11/23 00:38:34.089, 97
2025/11/23 00:38:34.191, 95
2025/11/23 00:38:34.292, 88
2025/11/23 00:38:34.393, 97
2025/11/23 00:38:34.494, 95
2025/11/23 00:38:34.595, 82
2025/11/23 00:38:34.699, 98
2025/11/23 00:38:34.801, 95
2025/11/23 00:38:34.902, 97
2025/11/23 00:38:35.003, 91
2025/11/23 00:38:35.104, 85
2025/11/23 00:38:35.206, 97
2025/11/23 00:38:35.308, 90
2025/11/23 00:38:35.409, 98
2025/11/23 00:38:35.511, 96
2025/11/23 00:38:35.612, 86
2025/11/23 00:38:35.714, 97
2025/11/23 00:38:35.815, 88
2025/11/23 00:38:35.917, 98
2025/11/23 00:38:36.018, 97
2025/11/23 00:38:36.119, 91
2025/11/23 00:38:36.220, 97
2025/11/23 00:38:36.322, 97
2025/11/23 00:38:36.423, 91
2025/11/23 00:38:36.525, 97
2025/11/23 00:38:36.626, 97
2025/11/23 00:38:36.727, 92
2025/11/23 00:38:36.828, 98
2025/11/23 00:38:36.930, 97
2025/11/23 00:38:37.031, 94
2025/11/23 00:38:37.132, 86
2025/11/23 00:38:37.235, 97
2025/11/23 00:38:37.337, 90
2025/11/23 00:38:37.439, 75
2025/11/23 00:38:37.540, 98
2025/11/23 00:38:37.641, 92
2025/11/23 00:38:37.743, 97
2025/11/23 00:38:37.845, 97
2025/11/23 00:38:37.946, 90
2025/11/23 00:38:38.048, 98
2025/11/23 00:38:38.149, 97
2025/11/23 00:38:38.250, 92
2025/11/23 00:38:38.352, 97
2025/11/23 00:38:38.453, 97
2025/11/23 00:38:38.554, 89
2025/11/23 00:38:38.655, 78
2025/11/23 00:38:38.758, 98
2025/11/23 00:38:38.859, 92
2025/11/23 00:38:38.960, 85
2025/11/23 00:38:39.062, 98
2025/11/23 00:38:39.163, 94
2025/11/23 00:38:39.264, 86
2025/11/23 00:38:39.366, 97
2025/11/23 00:38:39.468, 95
2025/11/23 00:38:39.569, 86
2025/11/23 00:38:39.671, 97
2025/11/23 00:38:39.772, 94
2025/11/23 00:38:39.873, 90
2025/11/23 00:38:39.974, 98
2025/11/23 00:38:40.075, 96
2025/11/23 00:38:40.177, 89
2025/11/23 00:38:40.279, 97
2025/11/23 00:38:40.380, 91
2025/11/23 00:38:40.482, 97
2025/11/23 00:38:40.583, 97
2025/11/23 00:38:40.684, 91
2025/11/23 00:38:40.786, 97
2025/11/23 00:38:40.887, 96
2025/11/23 00:38:40.988, 56
2025/11/23 00:38:41.089, 95
2025/11/23 00:38:41.190, 90
2025/11/23 00:38:41.292, 98
2025/11/23 00:38:41.394, 97
2025/11/23 00:38:41.495, 91
2025/11/23 00:38:41.596, 98
2025/11/23 00:38:41.697, 96
2025/11/23 00:38:41.799, 91
2025/11/23 00:38:41.900, 97
2025/11/23 00:38:42.001, 94
2025/11/23 00:38:42.102, 84
2025/11/23 00:38:42.206, 97
2025/11/23 00:38:42.307, 94
2025/11/23 00:38:42.408, 92
2025/11/23 00:38:42.509, 98
2025/11/23 00:38:42.610, 96
2025/11/23 00:38:42.712, 92
2025/11/23 00:38:42.813, 98
2025/11/23 00:38:42.914, 96
2025/11/23 00:38:43.015, 87
2025/11/23 00:38:43.118, 98
2025/11/23 00:38:43.219, 93
2025/11/23 00:38:43.320, 90
2025/11/23 00:38:43.421, 98
2025/11/23 00:38:43.522, 97
2025/11/23 00:38:43.623, 92
2025/11/23 00:38:43.724, 98
2025/11/23 00:38:43.826, 96
2025/11/23 00:38:43.927, 90
2025/11/23 00:38:44.028, 98
2025/11/23 00:38:44.129, 96
2025/11/23 00:38:44.230, 90
2025/11/23 00:38:44.334, 97
2025/11/23 00:38:44.435, 89
2025/11/23 00:38:44.536, 97
2025/11/23 00:38:44.637, 97
2025/11/23 00:38:44.739, 93
2025/11/23 00:38:44.840, 98
2025/11/23 00:38:44.941, 97
2025/11/23 00:38:45.042, 96
2025/11/23 00:38:45.143, 88
2025/11/23 00:38:45.245, 98
2025/11/23 00:38:45.346, 96
2025/11/23 00:38:45.448, 90
2025/11/23 00:38:45.549, 97
2025/11/23 00:38:45.651, 96
2025/11/23 00:38:45.752, 87
2025/11/23 00:38:45.853, 97
2025/11/23 00:38:45.954, 94
2025/11/23 00:38:46.055, 92
2025/11/23 00:38:46.157, 98
2025/11/23 00:38:46.258, 97
2025/11/23 00:38:46.360, 87
2025/11/23 00:38:46.461, 80
2025/11/23 00:38:46.564, 97
2025/11/23 00:38:46.666, 95
2025/11/23 00:38:46.767, 89
2025/11/23 00:38:46.868, 97
2025/11/23 00:38:46.969, 95
2025/11/23 00:38:47.070, 65
2025/11/23 00:38:47.171, 93
2025/11/23 00:38:47.274, 86
2025/11/23 00:38:47.378, 98
2025/11/23 00:38:47.479, 95
2025/11/23 00:38:47.581, 75
2025/11/23 00:38:47.682, 97
2025/11/23 00:38:47.783, 93
2025/11/23 00:38:47.885, 98
2025/11/23 00:38:47.987, 98
2025/11/23 00:38:48.089, 95
2025/11/23 00:38:48.190, 87
2025/11/23 00:38:48.293, 97
2025/11/23 00:38:48.394, 92
2025/11/23 00:38:48.496, 97
2025/11/23 00:38:48.597, 95
2025/11/23 00:38:48.698, 89
2025/11/23 00:38:48.799, 97
2025/11/23 00:38:48.900, 94
2025/11/23 00:38:49.002, 89
2025/11/23 00:38:49.103, 98
2025/11/23 00:38:49.204, 97
2025/11/23 00:38:49.305, 91
2025/11/23 00:38:49.406, 97
2025/11/23 00:38:49.507, 96
2025/11/23 00:38:49.609, 92
2025/11/23 00:38:49.710, 98
2025/11/23 00:38:49.811, 97
2025/11/23 00:38:49.912, 91
2025/11/23 00:38:50.013, 97
2025/11/23 00:38:50.114, 96
2025/11/23 00:38:50.216, 94
2025/11/23 00:38:50.317, 97
2025/11/23 00:38:50.418, 97
2025/11/23 00:38:50.519, 92
2025/11/23 00:38:50.620, 98
2025/11/23 00:38:50.721, 97
2025/11/23 00:38:50.822, 90
2025/11/23 00:38:50.924, 98
2025/11/23 00:38:51.026, 98
2025/11/23 00:38:51.127, 91
2025/11/23 00:38:51.229, 97
2025/11/23 00:38:51.331, 97
2025/11/23 00:38:51.432, 91
2025/11/23 00:38:51.533, 85
2025/11/23 00:38:51.637, 97
2025/11/23 00:38:51.739, 86
2025/11/23 00:38:51.840, 85
2025/11/23 00:38:51.941, 97
2025/11/23 00:38:52.042, 92
2025/11/23 00:38:52.144, 98
2025/11/23 00:38:52.245, 96
2025/11/23 00:38:52.346, 86
2025/11/23 00:38:52.448, 97
2025/11/23 00:38:52.549, 94
2025/11/23 00:38:52.650, 98
2025/11/23 00:38:52.751, 96
2025/11/23 00:38:52.853, 93
2025/11/23 00:38:52.954, 97
2025/11/23 00:38:53.055, 97
2025/11/23 00:38:53.156, 89
2025/11/23 00:38:53.257, 79
2025/11/23 00:38:53.358, 98
2025/11/23 00:38:53.460, 97
2025/11/23 00:38:53.561, 94
2025/11/23 00:38:53.662, 98
2025/11/23 00:38:53.763, 97
2025/11/23 00:38:53.865, 95
2025/11/23 00:38:53.966, 92
2025/11/23 00:38:54.067, 97
2025/11/23 00:38:54.170, 97
2025/11/23 00:38:54.271, 91
2025/11/23 00:38:54.373, 85
2025/11/23 00:38:54.476, 98
2025/11/23 00:38:54.577, 96
2025/11/23 00:38:54.678, 87
2025/11/23 00:38:54.780, 97
2025/11/23 00:38:54.881, 96
2025/11/23 00:38:54.983, 89
2025/11/23 00:38:55.084, 97
2025/11/23 00:38:55.185, 93
2025/11/23 00:38:55.286, 97
2025/11/23 00:38:55.387, 97
2025/11/23 00:38:55.488, 91
2025/11/23 00:38:55.589, 85
2025/11/23 00:38:55.693, 97
2025/11/23 00:38:55.794, 94
2025/11/23 00:38:55.895, 85
2025/11/23 00:38:55.996, 98
2025/11/23 00:38:56.097, 94
2025/11/23 00:38:56.198, 86
2025/11/23 00:38:56.301, 97
2025/11/23 00:38:56.402, 94
2025/11/23 00:38:56.503, 88
2025/11/23 00:38:56.605, 97
2025/11/23 00:38:56.706, 95
2025/11/23 00:38:56.807, 89
2025/11/23 00:38:56.908, 97
2025/11/23 00:38:57.009, 96
2025/11/23 00:38:57.110, 88
2025/11/23 00:38:57.212, 97
2025/11/23 00:38:57.313, 89
2025/11/23 00:38:57.414, 98
2025/11/23 00:38:57.516, 96
2025/11/23 00:38:57.617, 92
2025/11/23 00:38:57.718, 98
2025/11/23 00:38:57.820, 97
2025/11/23 00:38:57.921, 94
2025/11/23 00:38:58.022, 98
2025/11/23 00:38:58.123, 97
2025/11/23 00:38:58.225, 94
2025/11/23 00:38:58.326, 98
2025/11/23 00:38:58.427, 97
2025/11/23 00:38:58.529, 94
2025/11/23 00:38:58.630, 98
2025/11/23 00:38:58.732, 98
2025/11/23 00:38:58.833, 96
2025/11/23 00:38:58.934, 79
2025/11/23 00:38:59.038, 97
2025/11/23 00:38:59.139, 91
2025/11/23 00:38:59.241, 84
2025/11/23 00:38:59.345, 60
2025/11/23 00:38:59.446, 98
2025/11/23 00:38:59.547, 95
2025/11/23 00:38:59.648, 88
2025/11/23 00:38:59.749, 98
2025/11/23 00:38:59.851, 97
2025/11/23 00:38:59.952, 86
2025/11/23 00:39:00.053, 98
2025/11/23 00:39:00.154, 94
2025/11/23 00:39:00.255, 88
2025/11/23 00:39:00.359, 98
2025/11/23 00:39:00.460, 97
2025/11/23 00:39:00.561, 86
2025/11/23 00:39:00.664, 97
2025/11/23 00:39:00.765, 96
2025/11/23 00:39:00.866, 89
2025/11/23 00:39:00.967, 98
2025/11/23 00:39:01.068, 96
2025/11/23 00:39:01.169, 90
2025/11/23 00:39:01.270, 98
2025/11/23 00:39:01.371, 97
2025/11/23 00:39:01.472, 94
2025/11/23 00:39:01.573, 89
2025/11/23 00:39:01.676, 98
2025/11/23 00:39:01.777, 94
2025/11/23 00:39:01.878, 86
2025/11/23 00:39:01.980, 98
2025/11/23 00:39:02.081, 95
2025/11/23 00:39:02.182, 89
2025/11/23 00:39:02.284, 97
2025/11/23 00:39:02.385, 90
2025/11/23 00:39:02.486, 97
2025/11/23 00:39:02.587, 97
2025/11/23 00:39:02.688, 92
2025/11/23 00:39:02.790, 84
2025/11/23 00:39:02.895, 97
2025/11/23 00:39:02.996, 94
2025/11/23 00:39:03.097, 87
2025/11/23 00:39:03.201, 97
2025/11/23 00:39:03.302, 96
2025/11/23 00:39:03.403, 95
2025/11/23 00:39:03.504, 97
2025/11/23 00:39:03.606, 95
2025/11/23 00:39:03.707, 90
2025/11/23 00:39:03.808, 97
2025/11/23 00:39:03.909, 96
2025/11/23 00:39:04.010, 87
2025/11/23 00:39:04.112, 97
2025/11/23 00:39:04.213, 91
2025/11/23 00:39:04.314, 98
2025/11/23 00:39:04.416, 97
2025/11/23 00:39:04.517, 94
2025/11/23 00:39:04.619, 98
2025/11/23 00:39:04.720, 97
2025/11/23 00:39:04.821, 94
2025/11/23 00:39:04.923, 98
2025/11/23 00:39:05.024, 97
2025/11/23 00:39:05.125, 94
2025/11/23 00:39:05.227, 97
2025/11/23 00:39:05.328, 96
2025/11/23 00:39:05.429, 60
2025/11/23 00:39:05.531, 94
2025/11/23 00:39:05.632, 92
2025/11/23 00:39:05.733, 97
2025/11/23 00:39:05.834, 96
2025/11/23 00:39:05.935, 86
2025/11/23 00:39:06.038, 98
2025/11/23 00:39:06.139, 92
2025/11/23 00:39:06.241, 91
2025/11/23 00:39:06.342, 97
2025/11/23 00:39:06.443, 97
2025/11/23 00:39:06.545, 90
2025/11/23 00:39:06.646, 97
2025/11/23 00:39:06.748, 97
2025/11/23 00:39:06.849, 93
2025/11/23 00:39:06.950, 98
2025/11/23 00:39:07.051, 97
2025/11/23 00:39:07.152, 86
2025/11/23 00:39:07.253, 97
2025/11/23 00:39:07.354, 95
2025/11/23 00:39:07.455, 86
2025/11/23 00:39:07.556, 97
2025/11/23 00:39:07.658, 97
2025/11/23 00:39:07.759, 90
2025/11/23 00:39:07.860, 97
2025/11/23 00:39:07.961, 90
2025/11/23 00:39:08.062, 97
2025/11/23 00:39:08.164, 96
2025/11/23 00:39:08.265, 89
2025/11/23 00:39:08.366, 97
2025/11/23 00:39:08.467, 97
2025/11/23 00:39:08.568, 95
2025/11/23 00:39:08.669, 98
2025/11/23 00:39:08.770, 96
2025/11/23 00:39:08.871, 92
2025/11/23 00:39:08.972, 92
2025/11/23 00:39:09.074, 97
2025/11/23 00:39:09.175, 96
2025/11/23 00:39:09.276, 94
2025/11/23 00:39:09.378, 92
2025/11/23 00:39:09.479, 97
2025/11/23 00:39:09.580, 93
2025/11/23 00:39:09.682, 97
2025/11/23 00:39:09.783, 98
2025/11/23 00:39:09.884, 88
2025/11/23 00:39:09.985, 89
2025/11/23 00:39:10.087, 98
2025/11/23 00:39:10.188, 91
2025/11/23 00:39:10.289, 82
2025/11/23 00:39:10.392, 97
2025/11/23 00:39:10.493, 96
2025/11/23 00:39:10.594, 91
2025/11/23 00:39:10.696, 98
2025/11/23 00:39:10.797, 97
2025/11/23 00:39:10.898, 86
2025/11/23 00:39:10.999, 97
2025/11/23 00:39:11.100, 97
2025/11/23 00:39:11.201, 91
2025/11/23 00:39:11.303, 97
2025/11/23 00:39:11.404, 97
2025/11/23 00:39:11.505, 58
2025/11/23 00:39:11.606, 94
2025/11/23 00:39:11.707, 91
2025/11/23 00:39:11.809, 98
2025/11/23 00:39:11.911, 97
2025/11/23 00:39:12.012, 93
2025/11/23 00:39:12.113, 98
2025/11/23 00:39:12.214, 97
2025/11/23 00:39:12.315, 93
2025/11/23 00:39:12.416, 83
2025/11/23 00:39:12.519, 97
2025/11/23 00:39:12.620, 92
2025/11/23 00:39:12.722, 95
2025/11/23 00:39:12.823, 97
2025/11/23 00:39:12.924, 95
2025/11/23 00:39:13.025, 97
2025/11/23 00:39:13.126, 96
2025/11/23 00:39:13.227, 87
2025/11/23 00:39:13.329, 97
2025/11/23 00:39:13.430, 95
2025/11/23 00:39:13.532, 86
2025/11/23 00:39:13.633, 98
2025/11/23 00:39:13.734, 92
2025/11/23 00:39:13.835, 79
2025/11/23 00:39:13.937, 97
2025/11/23 00:39:14.038, 92
2025/11/23 00:39:14.139, 98
2025/11/23 00:39:14.240, 97
2025/11/23 00:39:14.342, 89
2025/11/23 00:39:14.443, 88
2025/11/23 00:39:14.544, 97
2025/11/23 00:39:14.645, 97
2025/11/23 00:39:14.746, 90
2025/11/23 00:39:14.848, 98
2025/11/23 00:39:14.949, 97
2025/11/23 00:39:15.050, 94
2025/11/23 00:39:15.151, 98
2025/11/23 00:39:15.253, 97
2025/11/23 00:39:15.355, 86
2025/11/23 00:39:15.457, 97
2025/11/23 00:39:15.559, 97
2025/11/23 00:39:15.660, 94
2025/11/23 00:39:15.761, 97
2025/11/23 00:39:15.862, 97
2025/11/23 00:39:15.963, 93
2025/11/23 00:39:16.065, 86
2025/11/23 00:39:16.169, 97
2025/11/23 00:39:16.270, 95
2025/11/23 00:39:16.371, 92
2025/11/23 00:39:16.472, 97
2025/11/23 00:39:16.573, 94
2025/11/23 00:39:16.674, 91
2025/11/23 00:39:16.775, 96
2025/11/23 00:39:16.876, 89
2025/11/23 00:39:16.978, 97
2025/11/23 00:39:17.079, 94
2025/11/23 00:39:17.180, 87
2025/11/23 00:39:17.282, 98
2025/11/23 00:39:17.383, 92
2025/11/23 00:39:17.484, 86
2025/11/23 00:39:17.586, 97
2025/11/23 00:39:17.688, 75
2025/11/23 00:39:17.790, 97
2025/11/23 00:39:17.891, 95
2025/11/23 00:39:17.992, 83
2025/11/23 00:39:18.093, 97
2025/11/23 00:39:18.195, 91
2025/11/23 00:39:18.296, 83
2025/11/23 00:39:18.397, 97
2025/11/23 00:39:18.498, 94
2025/11/23 00:39:18.599, 97
2025/11/23 00:39:18.702, 97
2025/11/23 00:39:18.803, 88
2025/11/23 00:39:18.904, 89
2025/11/23 00:39:19.006, 97
2025/11/23 00:39:19.107, 92
2025/11/23 00:39:19.209, 85
2025/11/23 00:39:19.312, 97
2025/11/23 00:39:19.413, 93
2025/11/23 00:39:19.514, 97
2025/11/23 00:39:19.616, 96
2025/11/23 00:39:19.717, 94
2025/11/23 00:39:19.818, 98
2025/11/23 00:39:19.920, 97
2025/11/23 00:39:20.022, 94
2025/11/23 00:39:20.123, 98
2025/11/23 00:39:20.224, 95
2025/11/23 00:39:20.325, 87
2025/11/23 00:39:20.428, 97
2025/11/23 00:39:20.529, 90
2025/11/23 00:39:20.630, 97
2025/11/23 00:39:20.731, 97
2025/11/23 00:39:20.832, 92
2025/11/23 00:39:20.933, 93
2025/11/23 00:39:21.034, 97
2025/11/23 00:39:21.135, 94
2025/11/23 00:39:21.237, 97
2025/11/23 00:39:21.338, 96
2025/11/23 00:39:21.439, 94
2025/11/23 00:39:21.540, 98
2025/11/23 00:39:21.641, 95
2025/11/23 00:39:21.742, 89
2025/11/23 00:39:21.843, 97
2025/11/23 00:39:21.944, 96
2025/11/23 00:39:22.045, 90
2025/11/23 00:39:22.146, 97
2025/11/23 00:39:22.247, 92
2025/11/23 00:39:22.348, 86
2025/11/23 00:39:22.449, 97
2025/11/23 00:39:22.550, 88
2025/11/23 00:39:22.651, 91
2025/11/23 00:39:22.752, 97
2025/11/23 00:39:22.853, 96
2025/11/23 00:39:22.954, 86
2025/11/23 00:39:23.057, 98
2025/11/23 00:39:23.158, 89
2025/11/23 00:39:23.259, 98
2025/11/23 00:39:23.360, 97
2025/11/23 00:39:23.461, 93
2025/11/23 00:39:23.562, 98
2025/11/23 00:39:23.663, 96
2025/11/23 00:39:23.764, 66
2025/11/23 00:39:23.865, 97
2025/11/23 00:39:23.966, 97
2025/11/23 00:39:24.067, 97
2025/11/23 00:39:24.169, 96
2025/11/23 00:39:24.270, 95
2025/11/23 00:39:24.371, 94
2025/11/23 00:39:24.472, 89
2025/11/23 00:39:24.573, 93
2025/11/23 00:39:24.673, 94
2025/11/23 00:39:24.774, 90
2025/11/23 00:39:24.876, 93
2025/11/23 00:39:24.977, 92
2025/11/23 00:39:25.078, 88
2025/11/23 00:39:25.180, 92
2025/11/23 00:39:25.282, 88
2025/11/23 00:39:25.384, 97
2025/11/23 00:39:25.485, 97
2025/11/23 00:39:25.587, 98
2025/11/23 00:39:25.688, 98
2025/11/23 00:39:25.789, 97
2025/11/23 00:39:25.891, 98
2025/11/23 00:39:25.992, 98
2025/11/23 00:39:26.093, 98
2025/11/23 00:39:26.194, 98
2025/11/23 00:39:26.295, 97
2025/11/23 00:39:26.396, 97
2025/11/23 00:39:26.497, 97
2025/11/23 00:39:26.598, 97
2025/11/23 00:39:26.699, 97
2025/11/23 00:39:26.800, 96
2025/11/23 00:39:26.901, 95
2025/11/23 00:39:27.002, 96
2025/11/23 00:39:27.103, 97
2025/11/23 00:39:27.204, 97
2025/11/23 00:39:27.304, 96
2025/11/23 00:39:27.405, 97
2025/11/23 00:39:27.506, 96
2025/11/23 00:39:27.607, 96
2025/11/23 00:39:27.708, 95
2025/11/23 00:39:27.809, 95
2025/11/23 00:39:27.910, 95
2025/11/23 00:39:28.011, 93
2025/11/23 00:39:28.112, 93
2025/11/23 00:39:28.213, 91
2025/11/23 00:39:28.314, 94
2025/11/23 00:39:28.415, 87
2025/11/23 00:39:28.517, 93
2025/11/23 00:39:28.618, 90
2025/11/23 00:39:28.719, 85
2025/11/23 00:39:28.822, 89
2025/11/23 00:39:28.925, 98
2025/11/23 00:39:29.026, 96
2025/11/23 00:39:29.126, 97
2025/11/23 00:39:29.227, 98
2025/11/23 00:39:29.328, 87
2025/11/23 00:39:29.432, 86
2025/11/23 00:39:29.533, 94
2025/11/23 00:39:29.634, 88
2025/11/23 00:39:29.735, 93
2025/11/23 00:39:29.837, 97
2025/11/23 00:39:29.938, 97
2025/11/23 00:39:30.039, 98
2025/11/23 00:39:30.140, 98
2025/11/23 00:39:30.240, 85
2025/11/23 00:39:30.343, 94
2025/11/23 00:39:30.444, 93
2025/11/23 00:39:30.545, 94
2025/11/23 00:39:30.646, 96
2025/11/23 00:39:30.747, 98
2025/11/23 00:39:30.848, 79
2025/11/23 00:39:30.951, 88
2025/11/23 00:39:31.052, 93
2025/11/23 00:39:31.153, 95
2025/11/23 00:39:31.254, 96
2025/11/23 00:39:31.355, 97
2025/11/23 00:39:31.456, 97
2025/11/23 00:39:31.557, 97
2025/11/23 00:39:31.658, 94
2025/11/23 00:39:31.759, 90
2025/11/23 00:39:31.861, 85
2025/11/23 00:39:31.963, 86
2025/11/23 00:39:32.066, 92
2025/11/23 00:39:32.166, 92
2025/11/23 00:39:32.268, 93
2025/11/23 00:39:32.369, 95
2025/11/23 00:39:32.470, 96
2025/11/23 00:39:32.571, 97
2025/11/23 00:39:32.672, 97
2025/11/23 00:39:32.773, 78
2025/11/23 00:39:32.874, 89
2025/11/23 00:39:32.975, 91
2025/11/23 00:39:33.076, 94
2025/11/23 00:39:33.177, 96
2025/11/23 00:39:33.278, 96
2025/11/23 00:39:33.379, 97
2025/11/23 00:39:33.480, 84
2025/11/23 00:39:33.581, 88
2025/11/23 00:39:33.682, 89
2025/11/23 00:39:33.784, 97
2025/11/23 00:39:33.885, 85
2025/11/23 00:39:33.988, 86
2025/11/23 00:39:34.088, 94
2025/11/23 00:39:34.189, 93
2025/11/23 00:39:34.290, 88
2025/11/23 00:39:34.392, 91
2025/11/23 00:39:34.493, 96
2025/11/23 00:39:34.594, 96
2025/11/23 00:39:34.695, 97
2025/11/23 00:39:34.796, 97
2025/11/23 00:39:34.897, 98
2025/11/23 00:39:34.998, 96
2025/11/23 00:39:35.099, 86
2025/11/23 00:39:35.201, 91
2025/11/23 00:39:35.302, 86
2025/11/23 00:39:35.403, 96
2025/11/23 00:39:35.505, 96
2025/11/23 00:39:35.606, 97
2025/11/23 00:39:35.707, 97
2025/11/23 00:39:35.808, 85
2025/11/23 00:39:35.910, 91
2025/11/23 00:39:36.011, 91
2025/11/23 00:39:36.112, 91
2025/11/23 00:39:36.212, 92
2025/11/23 00:39:36.313, 85
2025/11/23 00:39:36.415, 92
2025/11/23 00:39:36.516, 94
2025/11/23 00:39:36.617, 95
2025/11/23 00:39:36.718, 96
2025/11/23 00:39:36.819, 97
2025/11/23 00:39:36.920, 97
2025/11/23 00:39:37.021, 97
2025/11/23 00:39:37.122, 91
2025/11/23 00:39:37.223, 84
2025/11/23 00:39:37.325, 91
2025/11/23 00:39:37.426, 88
2025/11/23 00:39:37.527, 96
2025/11/23 00:39:37.628, 97
2025/11/23 00:39:37.729, 97
2025/11/23 00:39:37.830, 97
2025/11/23 00:39:37.931, 88
2025/11/23 00:39:38.032, 93
2025/11/23 00:39:38.133, 93
2025/11/23 00:39:38.234, 93
2025/11/23 00:39:38.335, 91
2025/11/23 00:39:38.436, 95
2025/11/23 00:39:38.537, 96
2025/11/23 00:39:38.638, 86
2025/11/23 00:39:38.739, 94
2025/11/23 00:39:38.840, 96
2025/11/23 00:39:38.940, 97
2025/11/23 00:39:39.041, 97
2025/11/23 00:39:39.142, 85
2025/11/23 00:39:39.244, 89
2025/11/23 00:39:39.345, 86
2025/11/23 00:39:39.447, 92
2025/11/23 00:39:39.548, 95
2025/11/23 00:39:39.649, 96
2025/11/23 00:39:39.750, 97
2025/11/23 00:39:39.850, 97
2025/11/23 00:39:39.951, 97
2025/11/23 00:39:40.054, 84
2025/11/23 00:39:40.155, 93
2025/11/23 00:39:40.256, 83
2025/11/23 00:39:40.357, 95
2025/11/23 00:39:40.458, 96
2025/11/23 00:39:40.559, 97
2025/11/23 00:39:40.660, 97
2025/11/23 00:39:40.761, 98
2025/11/23 00:39:40.862, 87
2025/11/23 00:39:40.963, 74
2025/11/23 00:39:41.065, 87
2025/11/23 00:39:41.167, 94
2025/11/23 00:39:41.268, 91
2025/11/23 00:39:41.369, 93
2025/11/23 00:39:41.470, 93
2025/11/23 00:39:41.571, 95
2025/11/23 00:39:41.672, 96
2025/11/23 00:39:41.773, 97
2025/11/23 00:39:41.874, 97
2025/11/23 00:39:41.975, 98
2025/11/23 00:39:42.076, 98
2025/11/23 00:39:42.177, 98
2025/11/23 00:39:42.278, 81
2025/11/23 00:39:42.379, 89
2025/11/23 00:39:42.480, 87
2025/11/23 00:39:42.581, 92
2025/11/23 00:39:42.682, 94
2025/11/23 00:39:42.783, 92
2025/11/23 00:39:42.884, 91
2025/11/23 00:39:42.985, 92
2025/11/23 00:39:43.086, 93
2025/11/23 00:39:43.187, 96
2025/11/23 00:39:43.288, 96
2025/11/23 00:39:43.389, 97
2025/11/23 00:39:43.490, 89
2025/11/23 00:39:43.591, 89
2025/11/23 00:39:43.692, 93
2025/11/23 00:39:43.793, 95
2025/11/23 00:39:43.894, 96
2025/11/23 00:39:43.995, 97
2025/11/23 00:39:44.095, 97
2025/11/23 00:39:44.197, 88
2025/11/23 00:39:44.299, 87
2025/11/23 00:39:44.401, 93
2025/11/23 00:39:44.502, 93
2025/11/23 00:39:44.603, 96
2025/11/23 00:39:44.704, 97
2025/11/23 00:39:44.805, 97
2025/11/23 00:39:44.906, 96
2025/11/23 00:39:45.007, 85
2025/11/23 00:39:45.109, 90
2025/11/23 00:39:45.210, 90
2025/11/23 00:39:45.311, 95
2025/11/23 00:39:45.412, 97
2025/11/23 00:39:45.513, 97
2025/11/23 00:39:45.614, 97
2025/11/23 00:39:45.715, 97
2025/11/23 00:39:45.816, 97
2025/11/23 00:39:45.916, 97
2025/11/23 00:39:46.018, 87
2025/11/23 00:39:46.119, 85
2025/11/23 00:39:46.222, 93
2025/11/23 00:39:46.323, 88
2025/11/23 00:39:46.425, 0
2025/11/23 00:39:46.526, 0
2025/11/23 00:39:46.627, 0
2025/11/23 00:39:46.728, 0
2025/11/23 00:39:46.829, 0
2025/11/23 00:39:46.929, 0
2025/11/23 00:39:47.030, 0
2025/11/23 00:39:47.131, 0
2025/11/23 00:39:47.233, 0
2025/11/23 00:39:47.334, 0
2025/11/23 00:39:47.435, 0
2025/11/23 00:39:47.536, 0
2025/11/23 00:39:47.637, 0
2025/11/23 00:39:47.738, 0
2025/11/23 00:39:47.839, 0
2025/11/23 00:39:47.940, 0
2025/11/23 00:39:48.041, 0
2025/11/23 00:39:48.142, 0
2025/11/23 00:39:48.243, 0
2025/11/23 00:39:48.345, 1
2025/11/23 00:39:48.446, 0
2025/11/23 00:39:48.547, 0
2025/11/23 00:39:48.648, 0
2025/11/23 00:39:48.749, 0
2025/11/23 00:39:48.851, 0
2025/11/23 00:39:48.952, 0
2025/11/23 00:39:49.053, 1
2025/11/23 00:39:49.155, 0
2025/11/23 00:39:49.256, 1
2025/11/23 00:39:49.357, 1
2025/11/23 00:39:49.458, 0
2025/11/23 00:39:49.560, 0
2025/11/23 00:39:49.661, 1
2025/11/23 00:39:49.763, 0
2025/11/23 00:39:49.864, 2
2025/11/23 00:39:49.966, 0
2025/11/23 00:39:50.067, 0
2025/11/23 00:39:50.169, 3
2025/11/23 00:39:50.270, 0
2025/11/23 00:39:50.372, 0
2025/11/23 00:39:50.474, 1
2025/11/23 00:39:50.577, 4
2025/11/23 00:39:50.678, 0
2025/11/23 00:39:50.780, 0
2025/11/23 00:39:50.882, 2
2025/11/23 00:39:50.984, 7
2025/11/23 00:39:51.086, 0
2025/11/23 00:39:51.188, 1
2025/11/23 00:39:51.290, 3
2025/11/23 00:39:51.393, 0
2025/11/23 00:39:51.495, 0
2025/11/23 00:39:51.598, 0
2025/11/23 00:39:51.700, 0
2025/11/23 00:39:51.802, 3
2025/11/23 00:39:51.905, 0
2025/11/23 00:39:52.008, 3
2025/11/23 00:39:52.110, 0
2025/11/23 00:39:52.213, 2
2025/11/23 00:39:52.315, 0
2025/11/23 00:39:52.417, 1
2025/11/23 00:39:52.520, 0
2025/11/23 00:39:52.622, 0
2025/11/23 00:39:52.725, 0
2025/11/23 00:39:52.827, 0
2025/11/23 00:39:52.931, 0
2025/11/23 00:39:53.034, 0
2025/11/23 00:39:53.136, 0
2025/11/23 00:39:53.239, 0
2025/11/23 00:39:53.341, 0
2025/11/23 00:39:53.444, 0
2025/11/23 00:39:53.546, 0
2025/11/23 00:39:53.648, 0
2025/11/23 00:39:53.751, 0
2025/11/23 00:39:53.853, 0
2025/11/23 00:39:53.956, 0
2025/11/23 00:39:54.058, 0
2025/11/23 00:39:54.161, 0
2025/11/23 00:39:54.263, 0
2025/11/23 00:39:54.366, 0
2025/11/23 00:39:54.468, 0
2025/11/23 00:39:54.571, 0
2025/11/23 00:39:54.673, 0
2025/11/23 00:39:54.775, 0
2025/11/23 00:39:54.878, 0
2025/11/23 00:39:54.980, 0
2025/11/23 00:39:55.083, 0
2025/11/23 00:39:55.185, 0
2025/11/23 00:39:55.288, 0
2025/11/23 00:39:55.390, 0
2025/11/23 00:39:55.492, 0
2025/11/23 00:39:55.595, 0
2025/11/23 00:39:55.697, 0
2025/11/23 00:39:55.800, 0
2025/11/23 00:39:55.902, 0
2025/11/23 00:39:56.004, 0
2025/11/23 00:39:56.107, 0
2025/11/23 00:39:56.209, 0
2025/11/23 00:39:56.312, 0
2025/11/23 00:39:56.417, 0
2025/11/23 00:39:56.519, 0
2025/11/23 00:39:56.646, 0
2025/11/23 00:39:56.748, 0
2025/11/23 00:39:56.851, 0
2025/11/23 00:39:56.953, 0
2025/11/23 00:39:57.055, 0
2025/11/23 00:39:57.158, 0
2025/11/23 00:39:57.261, 3
2025/11/23 00:39:57.363, 0
2025/11/23 00:39:57.466, 2
2025/11/23 00:39:57.568, 0
2025/11/23 00:39:57.670, 1
2025/11/23 00:39:57.773, 0
2025/11/23 00:39:57.875, 0
2025/11/23 00:39:57.978, 0
2025/11/23 00:39:58.080, 0
2025/11/23 00:39:58.183, 0
2025/11/23 00:39:58.285, 0
2025/11/23 00:39:58.387, 0
2025/11/23 00:39:58.490, 0
2025/11/23 00:39:58.592, 0
2025/11/23 00:39:58.695, 0
2025/11/23 00:39:58.797, 0
2025/11/23 00:39:58.900, 0
2025/11/23 00:39:59.002, 0
2025/11/23 00:39:59.104, 0
2025/11/23 00:39:59.206, 0
2025/11/23 00:39:59.309, 0
2025/11/23 00:39:59.411, 0
2025/11/23 00:39:59.514, 0
2025/11/23 00:39:59.616, 0
2025/11/23 00:39:59.719, 0
2025/11/23 00:39:59.821, 0
2025/11/23 00:39:59.924, 0
2025/11/23 00:40:00.026, 0
2025/11/23 00:40:00.128, 0
2025/11/23 00:40:00.231, 0
2025/11/23 00:40:00.333, 0
2025/11/23 00:40:00.436, 0
2025/11/23 00:40:00.538, 0
2025/11/23 00:40:00.641, 0
2025/11/23 00:40:00.743, 0
2025/11/23 00:40:00.846, 0
2025/11/23 00:40:00.948, 0
2025/11/23 00:40:01.050, 0
2025/11/23 00:40:01.153, 0
2025/11/23 00:40:01.255, 0
2025/11/23 00:40:01.358, 0
2025/11/23 00:40:01.459, 0
2025/11/23 00:40:01.562, 0
2025/11/23 00:40:01.664, 0
2025/11/23 00:40:01.767, 0
2025/11/23 00:40:01.869, 0
2025/11/23 00:40:01.972, 0
2025/11/23 00:40:02.074, 0
2025/11/23 00:40:02.176, 0
2025/11/23 00:40:02.279, 0
2025/11/23 00:40:02.382, 0
2025/11/23 00:40:02.484, 0
2025/11/23 00:40:02.587, 0
2025/11/23 00:40:02.689, 0
2025/11/23 00:40:02.792, 0
2025/11/23 00:40:02.894, 0
2025/11/23 00:40:02.996, 0
2025/11/23 00:40:03.099, 0
2025/11/23 00:40:03.201, 0
2025/11/23 00:40:03.304, 0
2025/11/23 00:40:03.406, 0
2025/11/23 00:40:03.509, 0
2025/11/23 00:40:03.611, 0
2025/11/23 00:40:03.713, 0
2025/11/23 00:40:03.816, 0
2025/11/23 00:40:03.918, 0
2025/11/23 00:40:04.021, 0
2025/11/23 00:40:04.123, 0
2025/11/23 00:40:04.226, 0
2025/11/23 00:40:04.328, 0
2025/11/23 00:40:04.431, 0
2025/11/23 00:40:04.534, 4
2025/11/23 00:40:04.636, 0
2025/11/23 00:40:04.739, 1
2025/11/23 00:40:04.843, 0
2025/11/23 00:40:04.947, 0
2025/11/23 00:40:05.051, 0
2025/11/23 00:40:05.155, 0
2025/11/23 00:40:05.258, 0
2025/11/23 00:40:05.360, 0
2025/11/23 00:40:05.463, 0
2025/11/23 00:40:05.565, 0
2025/11/23 00:40:05.667, 0
2025/11/23 00:40:05.771, 0
2025/11/23 00:40:05.874, 0
2025/11/23 00:40:05.976, 0
2025/11/23 00:40:06.079, 0
2025/11/23 00:40:06.181, 0
2025/11/23 00:40:06.284, 0
2025/11/23 00:40:06.386, 0
